Product Id,Model ,Partner ,SKU ,Workload Profile,Raw Storage Capacity,IOPS,Number Of VMs,ESXi Pre-Installed?,Optional Features,Product URL,Releases
41789,AF-6:Cisco UCS C240 M5,Cisco,UCS-VSAN-C240M5-AF-9-6TB-RI,AF-6 Series,9.6,0,0,No,,https://www.vmware.com/resources/compatibility/detail.php?deviceCategory=vsan&productid=41789&vsanrncomp=true&vcl=true,"ESXi 6.5.0d (vSAN 6.6), ESXi 6.5 U1 (vSAN 6.6.1), ESXi 6.0 U3 (vSAN 6.2 Update 3)"
41813,AF-6: Cisco UCS C220 M5,Cisco,UCS-VSAN-C220M5-AF-9-6TB-RI,AF-6 Series,9.6,0,0,No,,https://www.vmware.com/resources/compatibility/detail.php?deviceCategory=vsan&productid=41813&vsanrncomp=true&vcl=true,"ESXi 6.5.0d (vSAN 6.6), ESXi 6.5 U1 (vSAN 6.6.1), ESXi 6.0 U3 (vSAN 6.2 Update 3)"
42656,AF-6-Cisco-UCS C240 M5,Cisco,UCS-VSAN-C240M5NAF6,AF-6 Series,12.8,0,0,No,,https://www.vmware.com/resources/compatibility/detail.php?deviceCategory=vsan&productid=42656&vsanrncomp=true&vcl=true,"ESXi 6.5.0d (vSAN 6.6), ESXi 6.5 U1 (vSAN 6.6.1), ESXi 6.0 U3 (vSAN 6.2 Update 3)"
42187,AF-8-Cisco-UCS C240 M5,Cisco,UCS-VSAN-C240M5-AF-32TB-C,AF-8 Series,32,0,0,No,,https://www.vmware.com/resources/compatibility/detail.php?deviceCategory=vsan&productid=42187&vsanrncomp=true&vcl=true,"ESXi 6.5.0d (vSAN 6.6), ESXi 6.5 U1 (vSAN 6.6.1), ESXi 6.0 U3 (vSAN 6.2 Update 3)"
39808,AF-6: Cisco UCS C240 M4,Cisco,UCS-vSAN-C240M4-AF-EXP1,AF-6 Series,6.72,0,0,No,,https://www.vmware.com/resources/compatibility/detail.php?deviceCategory=vsan&productid=39808&vsanrncomp=true&vcl=true,"ESXi 6.5.0d (vSAN 6.6), ESXi 6.5 U1 (vSAN 6.6.1), ESXi 6.5 (vSAN 6.5), ESXi 6.0 U3 (vSAN 6.2 Update 3), ESXi 6.0 U2 (vSAN 6.2), ESXi 6.0 U1 (vSAN 6.1), ESXi 6.0 (vSAN 6.0)"
40926,AF-6: Cisco UCS C240 M4,Cisco,UCS-vSAN-C240M4-AF1-11TB,AF-6 Series,11.2,0,0,No,,https://www.vmware.com/resources/compatibility/detail.php?deviceCategory=vsan&productid=40926&vsanrncomp=true&vcl=true,"ESXi 6.5.0d (vSAN 6.6), ESXi 6.5 U1 (vSAN 6.6.1), ESXi 6.5 (vSAN 6.5), ESXi 6.0 U3 (vSAN 6.2 Update 3), ESXi 6.0 U2 (vSAN 6.2), ESXi 6.0 U1 (vSAN 6.1)"
41346,AF6: Cisco UCS C220 M4,Cisco,UCS-vSAN-C220M4-AF-EXP1,AF-6 Series,11.2,0,0,No,,https://www.vmware.com/resources/compatibility/detail.php?deviceCategory=vsan&productid=41346&vsanrncomp=true&vcl=true,"ESXi 6.5.0d (vSAN 6.6), ESXi 6.5 U1 (vSAN 6.6.1), ESXi 6.5 (vSAN 6.5), ESXi 6.0 U3 (vSAN 6.2 Update 3), ESXi 6.0 U2 (vSAN 6.2), ESXi 6.0 U1 (vSAN 6.1)"
41347,AF-6: Cisco UCS C240 M4,Cisco,UCS-vSAN-C240M4-AF1-26TB,AF-6 Series,26.6,0,0,No,,https://www.vmware.com/resources/compatibility/detail.php?deviceCategory=vsan&productid=41347&vsanrncomp=true&vcl=true,"ESXi 6.5.0d (vSAN 6.6), ESXi 6.5 U1 (vSAN 6.6.1), ESXi 6.5 (vSAN 6.5), ESXi 6.0 U3 (vSAN 6.2 Update 3), ESXi 6.0 U2 (vSAN 6.2), ESXi 6.0 U1 (vSAN 6.1)"
40887,AF-8: Cisco UCS C240 M4,Cisco,UCS-vSAN-C240M4-AF2-22TB,AF-8 Series,22.4,0,0,No,,https://www.vmware.com/resources/compatibility/detail.php?deviceCategory=vsan&productid=40887&vsanrncomp=true&vcl=true,"ESXi 6.5.0d (vSAN 6.6), ESXi 6.5 U1 (vSAN 6.6.1), ESXi 6.5 (vSAN 6.5), ESXi 6.0 U3 (vSAN 6.2 Update 3), ESXi 6.0 U2 (vSAN 6.2), ESXi 6.0 U1 (vSAN 6.1)"
41348,AF-8: Cisco UCS C240 M4,Cisco,UCS-vSAN-C240M4-AF2-53TB,AF-8 Series,53.2,0,0,No,,https://www.vmware.com/resources/compatibility/detail.php?deviceCategory=vsan&productid=41348&vsanrncomp=true&vcl=true,"ESXi 6.5.0d (vSAN 6.6), ESXi 6.5 U1 (vSAN 6.6.1), ESXi 6.5 (vSAN 6.5), ESXi 6.0 U3 (vSAN 6.2 Update 3), ESXi 6.0 U2 (vSAN 6.2), ESXi 6.0 U1 (vSAN 6.1)"
41349,AF-8: Cisco UCS C240 M4,Cisco,UCS-VSAN-C240M4-AF3-79TB,AF-8 Series,79.8,0,0,No,,https://www.vmware.com/resources/compatibility/detail.php?deviceCategory=vsan&productid=41349&vsanrncomp=true&vcl=true,"ESXi 6.5.0d (vSAN 6.6), ESXi 6.5 U1 (vSAN 6.6.1), ESXi 6.5 (vSAN 6.5), ESXi 6.0 U3 (vSAN 6.2 Update 3), ESXi 6.0 U2 (vSAN 6.2), ESXi 6.0 U1 (vSAN 6.1)"
41350,AF-8: Cisco UCS C240 M4,Cisco,UCS-vSAN-C240M4-AF3-33TB,AF-8 Series,33.6,0,0,No,,https://www.vmware.com/resources/compatibility/detail.php?deviceCategory=vsan&productid=41350&vsanrncomp=true&vcl=true,"ESXi 6.5.0d (vSAN 6.6), ESXi 6.5 U1 (vSAN 6.6.1), ESXi 6.5 (vSAN 6.5), ESXi 6.0 U3 (vSAN 6.2 Update 3), ESXi 6.0 U2 (vSAN 6.2), ESXi 6.0 U1 (vSAN 6.1)"
41351,AF-8: Cisco UCS C240 M4,Cisco,UCS-vSAN-C240M4-AF4-32TB,AF-8 Series,32,0,0,No,,https://www.vmware.com/resources/compatibility/detail.php?deviceCategory=vsan&productid=41351&vsanrncomp=true&vcl=true,"ESXi 6.5.0d (vSAN 6.6), ESXi 6.5 U1 (vSAN 6.6.1), ESXi 6.5 (vSAN 6.5), ESXi 6.0 U3 (vSAN 6.2 Update 3), ESXi 6.0 U2 (vSAN 6.2), ESXi 6.0 U1 (vSAN 6.1)"
41392,AF-4: Cisco UCS B200 M4,Cisco,UCS-vSAN-B200M4-3-8TB,AF-4 Series,3.8,0,0,No,,https://www.vmware.com/resources/compatibility/detail.php?deviceCategory=vsan&productid=41392&vsanrncomp=true&vcl=true,"ESXi 6.5.0d (vSAN 6.6), ESXi 6.5 U1 (vSAN 6.6.1), ESXi 6.5 (vSAN 6.5), ESXi 6.0 U3 (vSAN 6.2 Update 3), ESXi 6.0 U2 (vSAN 6.2), ESXi 6.0 U1 (vSAN 6.1)"
42547,AF-4-Cisco-UCS B200 M5,Cisco,UCS-VSAN-B200M5-7TB,AF-4 Series,7.6,0,0,No,,https://www.vmware.com/resources/compatibility/detail.php?deviceCategory=vsan&productid=42547&vsanrncomp=true&vcl=true,"ESXi 6.5.0d (vSAN 6.6), ESXi 6.5 U1 (vSAN 6.6.1)"
42651,AF-4-Cisco-UCS B200 M5,Cisco,UCS-VSAN-B200M5-32TB,AF-4 Series,3.2,0,0,No,,https://www.vmware.com/resources/compatibility/detail.php?deviceCategory=vsan&productid=42651&vsanrncomp=true&vcl=true,"ESXi 6.5.0d (vSAN 6.6), ESXi 6.5 U1 (vSAN 6.6.1)"
42850,AF-6-DELLEMC-R6415,DELL,Contact Dell Sales Rep,AF-6 Series,15.36,0,0,Yes,,https://www.vmware.com/resources/compatibility/detail.php?deviceCategory=vsan&productid=42850&vsanrncomp=true&vcl=true,ESXi 6.5 U1 (vSAN 6.6.1)
42852,AF-6-DELLEMC-R7415,DELL,Contact Dell Sales Rep,AF-6 Series,15.36,0,0,Yes,,https://www.vmware.com/resources/compatibility/detail.php?deviceCategory=vsan&productid=42852&vsanrncomp=true&vcl=true,ESXi 6.5 U1 (vSAN 6.6.1)
42854,AF-6-DELLEMC-R7425,DELL,Contact Dell Sales Rep,AF-6 Series,46.08,0,0,Yes,,https://www.vmware.com/resources/compatibility/detail.php?deviceCategory=vsan&productid=42854&vsanrncomp=true&vcl=true,ESXi 6.5 U1 (vSAN 6.6.1)
42853,AF-8-DELLEMC-R7415,DELL,Contact Dell Sales Rep,AF-8 Series,80.64,0,0,Yes,,https://www.vmware.com/resources/compatibility/detail.php?deviceCategory=vsan&productid=42853&vsanrncomp=true&vcl=true,ESXi 6.5 U1 (vSAN 6.6.1)
42855,AF-8-DELLEMC-R7425,DELL,Contact Dell Sales Rep,AF-8 Series,80.64,0,0,Yes,,https://www.vmware.com/resources/compatibility/detail.php?deviceCategory=vsan&productid=42855&vsanrncomp=true&vcl=true,ESXi 6.5 U1 (vSAN 6.6.1)
42849,AF-4-DELLEMC-R6415,DELL,Contact Dell Sales Rep,AF-4 Series,7.68,0,0,Yes,,https://www.vmware.com/resources/compatibility/detail.php?deviceCategory=vsan&productid=42849&vsanrncomp=true&vcl=true,ESXi 6.5 U1 (vSAN 6.6.1)
42851,AF-4-DELLEMC-R7415,DELL,Contact Dell Sales Rep,AF-4 Series,7.68,0,0,Yes,,https://www.vmware.com/resources/compatibility/detail.php?deviceCategory=vsan&productid=42851&vsanrncomp=true&vcl=true,ESXi 6.5 U1 (vSAN 6.6.1)
41798,AF-6-DELLEMC-R640,DELL,Contact Dell Sales Rep,AF-6 Series,15.36,0,0,Yes,,https://www.vmware.com/resources/compatibility/detail.php?deviceCategory=vsan&productid=41798&vsanrncomp=true&vcl=true,"ESXi 6.5.0d (vSAN 6.6), ESXi 6.5 U1 (vSAN 6.6.1), ESXi 6.0 U3 (vSAN 6.2 Update 3)"
41800,AF-6-DELLEMC-R740xd,DELL,Contact Dell Sales Rep,AF-6 Series,38.4,0,0,Yes,,https://www.vmware.com/resources/compatibility/detail.php?deviceCategory=vsan&productid=41800&vsanrncomp=true&vcl=true,"ESXi 6.5.0d (vSAN 6.6), ESXi 6.5 U1 (vSAN 6.6.1), ESXi 6.0 U3 (vSAN 6.2 Update 3)"
41802,AF-6-DELLEMC-R740,DELL,Contact Dell Sales Rep,AF-6 Series,30.72,0,0,Yes,,https://www.vmware.com/resources/compatibility/detail.php?deviceCategory=vsan&productid=41802&vsanrncomp=true&vcl=true,"ESXi 6.5.0d (vSAN 6.6), ESXi 6.5 U1 (vSAN 6.6.1), ESXi 6.0 U3 (vSAN 6.2 Update 3)"
41804,AF-6-DELLEMC-R740xd,DELL,Contact Dell Sales Rep,AF-6 Series,38.4,0,0,Yes,,https://www.vmware.com/resources/compatibility/detail.php?deviceCategory=vsan&productid=41804&vsanrncomp=true&vcl=true,"ESXi 6.5.0d (vSAN 6.6), ESXi 6.5 U1 (vSAN 6.6.1), ESXi 6.0 U3 (vSAN 6.2 Update 3)"
41815,AF-6-DELLEMC-R640,DELL,Contact Dell Sales Rep,AF-6 Series,15.36,0,0,Yes,,https://www.vmware.com/resources/compatibility/detail.php?deviceCategory=vsan&productid=41815&vsanrncomp=true&vcl=true,"ESXi 6.5.0d (vSAN 6.6), ESXi 6.5 U1 (vSAN 6.6.1), ESXi 6.0 U3 (vSAN 6.2 Update 3)"
42246,AF-6-DELLEMC-R440,DELL,Contact Dell Sales Rep,AF-6 Series,15.36,0,0,Yes,,https://www.vmware.com/resources/compatibility/detail.php?deviceCategory=vsan&productid=42246&vsanrncomp=true&vcl=true,"ESXi 6.5.0d (vSAN 6.6), ESXi 6.5 U1 (vSAN 6.6.1), ESXi 6.0 U3 (vSAN 6.2 Update 3)"
41787,AF-8-DELLEMC-R740xd,DELL,Contact Dell Sales Rep,AF-8 Series,80.64,0,0,Yes,,https://www.vmware.com/resources/compatibility/detail.php?deviceCategory=vsan&productid=41787&vsanrncomp=true&vcl=true,"ESXi 6.5.0d (vSAN 6.6), ESXi 6.5 U1 (vSAN 6.6.1), ESXi 6.0 U3 (vSAN 6.2 Update 3)"
41788,AF-8-DELLEMC-R740xd,DELL,Contact Dell Sales Rep,AF-8 Series,40.32,0,0,Yes,,https://www.vmware.com/resources/compatibility/detail.php?deviceCategory=vsan&productid=41788&vsanrncomp=true&vcl=true,"ESXi 6.5.0d (vSAN 6.6), ESXi 6.5 U1 (vSAN 6.6.1), ESXi 6.0 U3 (vSAN 6.2 Update 3)"
41799,AF-8-DELLEMC-R640,DELL,Contact Dell Sales Rep,AF-8 Series,15.36,0,0,Yes,,https://www.vmware.com/resources/compatibility/detail.php?deviceCategory=vsan&productid=41799&vsanrncomp=true&vcl=true,"ESXi 6.5.0d (vSAN 6.6), ESXi 6.5 U1 (vSAN 6.6.1), ESXi 6.0 U3 (vSAN 6.2 Update 3)"
41803,AF-8-DELLEMC-R740,DELL,Contact Dell Sales Rep,AF-8 Series,46.08,0,0,Yes,,https://www.vmware.com/resources/compatibility/detail.php?deviceCategory=vsan&productid=41803&vsanrncomp=true&vcl=true,"ESXi 6.5.0d (vSAN 6.6), ESXi 6.5 U1 (vSAN 6.6.1), ESXi 6.0 U3 (vSAN 6.2 Update 3)"
41816,AF-8-DELLEMC-R640,DELL,Contact Dell Sales Rep,AF-8 Series,15.36,0,0,Yes,,https://www.vmware.com/resources/compatibility/detail.php?deviceCategory=vsan&productid=41816&vsanrncomp=true&vcl=true,"ESXi 6.5.0d (vSAN 6.6), ESXi 6.5 U1 (vSAN 6.6.1), ESXi 6.0 U3 (vSAN 6.2 Update 3)"
41797,AF-4-DELLEMC-R640,DELL,Contact Dell Sales Rep,AF-4 Series,7.68,0,0,Yes,,https://www.vmware.com/resources/compatibility/detail.php?deviceCategory=vsan&productid=41797&vsanrncomp=true&vcl=true,"ESXi 6.5.0d (vSAN 6.6), ESXi 6.5 U1 (vSAN 6.6.1), ESXi 6.0 U3 (vSAN 6.2 Update 3)"
41801,AF-4-DELLEMC-R740,DELL,Contact Dell Sales Rep,AF-4 Series,15.36,0,0,Yes,,https://www.vmware.com/resources/compatibility/detail.php?deviceCategory=vsan&productid=41801&vsanrncomp=true&vcl=true,"ESXi 6.5.0d (vSAN 6.6), ESXi 6.5 U1 (vSAN 6.6.1), ESXi 6.0 U3 (vSAN 6.2 Update 3)"
41814,AF-4-DELLEMC-R640,DELL,Contact Dell Sales Rep,AF-4 Series,7.68,0,0,Yes,,https://www.vmware.com/resources/compatibility/detail.php?deviceCategory=vsan&productid=41814&vsanrncomp=true&vcl=true,"ESXi 6.5.0d (vSAN 6.6), ESXi 6.5 U1 (vSAN 6.6.1), ESXi 6.0 U3 (vSAN 6.2 Update 3)"
42244,AF-4-DELLEMC-C6420,DELL,Contact Dell Sales Rep,AF-4 Series,15.36,0,0,No,,https://www.vmware.com/resources/compatibility/detail.php?deviceCategory=vsan&productid=42244&vsanrncomp=true&vcl=true,"ESXi 6.5.0d (vSAN 6.6), ESXi 6.5 U1 (vSAN 6.6.1), ESXi 6.0 U3 (vSAN 6.2 Update 3)"
42245,AF-4-DELLEMC-R440,DELL,Contact Dell Sales Rep,AF-4 Series,7.68,0,0,Yes,,https://www.vmware.com/resources/compatibility/detail.php?deviceCategory=vsan&productid=42245&vsanrncomp=true&vcl=true,"ESXi 6.5.0d (vSAN 6.6), ESXi 6.5 U1 (vSAN 6.6.1), ESXi 6.0 U3 (vSAN 6.2 Update 3)"
42248,AF-4-DELLEMC-C6420,DELL,Contact Dell Sales Rep,AF-4 Series,15.36,0,0,No,,https://www.vmware.com/resources/compatibility/detail.php?deviceCategory=vsan&productid=42248&vsanrncomp=true&vcl=true,"ESXi 6.5.0d (vSAN 6.6), ESXi 6.5 U1 (vSAN 6.6.1), ESXi 6.0 U3 (vSAN 6.2 Update 3)"
39460,AF-6: DELL FX2 FC430,DELL,DellStar Solution ID:6214313.1,AF-6 Series,9.6,0,0,No,,https://www.vmware.com/resources/compatibility/detail.php?deviceCategory=vsan&productid=39460&vsanrncomp=true&vcl=true,"ESXi 6.5.0d (vSAN 6.6), ESXi 6.5 U1 (vSAN 6.6.1), ESXi 6.5 (vSAN 6.5), ESXi 6.0 U3 (vSAN 6.2 Update 3), ESXi 6.0 U2 (vSAN 6.2), ESXi 6.0 U1 (vSAN 6.1), ESXi 6.0 (vSAN 6.0)"
39461,AF-6: DELL FX2 FC630,DELL,DellStar Solution ID: 6214323.1,AF-6 Series,9.6,0,0,No,,https://www.vmware.com/resources/compatibility/detail.php?deviceCategory=vsan&productid=39461&vsanrncomp=true&vcl=true,"ESXi 6.5.0d (vSAN 6.6), ESXi 6.5 U1 (vSAN 6.6.1), ESXi 6.5 (vSAN 6.5), ESXi 6.0 U3 (vSAN 6.2 Update 3), ESXi 6.0 U2 (vSAN 6.2), ESXi 6.0 U1 (vSAN 6.1), ESXi 6.0 (vSAN 6.0)"
39462,AF-6: DELL FX2 FC830,DELL,DellStar Solution ID: 6214344.1,AF-6 Series,9.6,0,0,No,,https://www.vmware.com/resources/compatibility/detail.php?deviceCategory=vsan&productid=39462&vsanrncomp=true&vcl=true,"ESXi 6.5.0d (vSAN 6.6), ESXi 6.5 U1 (vSAN 6.6.1), ESXi 6.5 (vSAN 6.5), ESXi 6.0 U3 (vSAN 6.2 Update 3), ESXi 6.0 U2 (vSAN 6.2), ESXi 6.0 U1 (vSAN 6.1), ESXi 6.0 (vSAN 6.0)"
40808,AF-6: DELL R630,DELL,Contact Dell Sales Rep,AF-6 Series,12.8,0,0,Yes,,https://www.vmware.com/resources/compatibility/detail.php?deviceCategory=vsan&productid=40808&vsanrncomp=true&vcl=true,"ESXi 6.5.0d (vSAN 6.6), ESXi 6.5 U1 (vSAN 6.6.1), ESXi 6.5 (vSAN 6.5), ESXi 6.0 U3 (vSAN 6.2 Update 3), ESXi 6.0 U2 (vSAN 6.2), ESXi 6.0 U1 (vSAN 6.1), ESXi 6.0 (vSAN 6.0)"
40810,AF-6: DELL R730XD,DELL,Contact Dell Sales Rep,AF-6 Series,12.8,0,0,Yes,,https://www.vmware.com/resources/compatibility/detail.php?deviceCategory=vsan&productid=40810&vsanrncomp=true&vcl=true,"ESXi 6.5.0d (vSAN 6.6), ESXi 6.5 U1 (vSAN 6.6.1), ESXi 6.5 (vSAN 6.5), ESXi 6.0 U3 (vSAN 6.2 Update 3), ESXi 6.0 U2 (vSAN 6.2), ESXi 6.0 U1 (vSAN 6.1), ESXi 6.0 (vSAN 6.0)"
39463,AF-8: DELL FX2 FC630,DELL,DellStar Solution ID: 6214332.1,AF-8 Series,19.2,0,0,No,,https://www.vmware.com/resources/compatibility/detail.php?deviceCategory=vsan&productid=39463&vsanrncomp=true&vcl=true,"ESXi 6.5.0d (vSAN 6.6), ESXi 6.5 U1 (vSAN 6.6.1), ESXi 6.5 (vSAN 6.5), ESXi 6.0 U3 (vSAN 6.2 Update 3), ESXi 6.0 U2 (vSAN 6.2), ESXi 6.0 U1 (vSAN 6.1), ESXi 6.0 (vSAN 6.0)"
39464,AF-8: DELL FX2 FC830,DELL,DellStar Solution ID: 6214356.1,AF-8 Series,19.2,0,0,No,,https://www.vmware.com/resources/compatibility/detail.php?deviceCategory=vsan&productid=39464&vsanrncomp=true&vcl=true,"ESXi 6.5.0d (vSAN 6.6), ESXi 6.5 U1 (vSAN 6.6.1), ESXi 6.5 (vSAN 6.5), ESXi 6.0 U3 (vSAN 6.2 Update 3), ESXi 6.0 U2 (vSAN 6.2), ESXi 6.0 U1 (vSAN 6.1), ESXi 6.0 (vSAN 6.0)"
40430,AF-8: DELL-R730xd,DELL,Contact Dell Sales Rep,AF-8 Series,40.32,0,0,Yes,,https://www.vmware.com/resources/compatibility/detail.php?deviceCategory=vsan&productid=40430&vsanrncomp=true&vcl=true,"ESXi 6.5.0d (vSAN 6.6), ESXi 6.5 U1 (vSAN 6.6.1), ESXi 6.5 (vSAN 6.5), ESXi 6.0 U3 (vSAN 6.2 Update 3), ESXi 6.0 U2 (vSAN 6.2), ESXi 6.0 U1 (vSAN 6.1), ESXi 6.0 (vSAN 6.0)"
40522,AF-8: DELL R730,DELL,Contact Dell Sales Rep,AF-8 Series,17.88,0,0,Yes,,https://www.vmware.com/resources/compatibility/detail.php?deviceCategory=vsan&productid=40522&vsanrncomp=true&vcl=true,"ESXi 6.5.0d (vSAN 6.6), ESXi 6.5 U1 (vSAN 6.6.1), ESXi 6.5 (vSAN 6.5), ESXi 6.0 U3 (vSAN 6.2 Update 3), ESXi 6.0 U2 (vSAN 6.2), ESXi 6.0 U1 (vSAN 6.1), ESXi 6.0 (vSAN 6.0)"
40902,AF-8-DELL-FX2-FC830,DELL,Contact Dell Sales Rep,AF-8 Series,22.4,0,0,Yes,,https://www.vmware.com/resources/compatibility/detail.php?deviceCategory=vsan&productid=40902&vsanrncomp=true&vcl=true,"ESXi 6.5.0d (vSAN 6.6), ESXi 6.5 U1 (vSAN 6.6.1), ESXi 6.5 (vSAN 6.5), ESXi 6.0 U3 (vSAN 6.2 Update 3), ESXi 6.0 U2 (vSAN 6.2), ESXi 6.0 U1 (vSAN 6.1), ESXi 6.0 (vSAN 6.0)"
40903,AF-8-DELL-R730xd,DELL,Contact Dell Sales Rep,AF-8 Series,40.32,0,0,Yes,,https://www.vmware.com/resources/compatibility/detail.php?deviceCategory=vsan&productid=40903&vsanrncomp=true&vcl=true,"ESXi 6.5.0d (vSAN 6.6), ESXi 6.5 U1 (vSAN 6.6.1), ESXi 6.5 (vSAN 6.5), ESXi 6.0 U3 (vSAN 6.2 Update 3), ESXi 6.0 U2 (vSAN 6.2), ESXi 6.0 U1 (vSAN 6.1), ESXi 6.0 (vSAN 6.0)"
40809,AF-4: DELL R730,DELL,Contact Dell Sales Rep,AF-4 Series,6.4,0,0,Yes,,https://www.vmware.com/resources/compatibility/detail.php?deviceCategory=vsan&productid=40809&vsanrncomp=true&vcl=true,"ESXi 6.5.0d (vSAN 6.6), ESXi 6.5 U1 (vSAN 6.6.1), ESXi 6.5 (vSAN 6.5), ESXi 6.0 U3 (vSAN 6.2 Update 3), ESXi 6.0 U2 (vSAN 6.2), ESXi 6.0 U1 (vSAN 6.1), ESXi 6.0 (vSAN 6.0)"
40811,AF-4: DELL R630,DELL,Contact Dell Sales Rep,AF-4 Series,6.4,0,0,Yes,,https://www.vmware.com/resources/compatibility/detail.php?deviceCategory=vsan&productid=40811&vsanrncomp=true&vcl=true,"ESXi 6.5.0d (vSAN 6.6), ESXi 6.5 U1 (vSAN 6.6.1), ESXi 6.5 (vSAN 6.5), ESXi 6.0 U3 (vSAN 6.2 Update 3), ESXi 6.0 U2 (vSAN 6.2), ESXi 6.0 U1 (vSAN 6.1), ESXi 6.0 (vSAN 6.0)"
42103,AF4-Ericsson-Ericsson HDS8000 CRU0101 VMware VSAN Edition,Ericsson AB,Ericsson HDS8000 CRU0101 VMware VSAN Edition,AF-4 Series,6.4,0,0,Yes,,https://www.vmware.com/resources/compatibility/detail.php?deviceCategory=vsan&productid=42103&vsanrncomp=true&vcl=true,"ESXi 6.5.0d (vSAN 6.6), ESXi 6.5 U1 (vSAN 6.6.1), ESXi 6.5 (vSAN 6.5)"
42650,AF8-Fujitsu-RX2540M4,Fujitsu,FUJITSU CONFIGURATION TOOL: AF-8 series for PY RX2540 M4,AF-8 Series,15.36,0,0,Yes,,https://www.vmware.com/resources/compatibility/detail.php?deviceCategory=vsan&productid=42650&vsanrncomp=true&vcl=true,"ESXi 6.5.0d (vSAN 6.6), ESXi 6.5 U1 (vSAN 6.6.1)"
42965,AF8-Fujitsu-RX2530M4 vCF,Fujitsu,FUJITSU CONFIGURATION TOOL: AF-8 series for PY RX2530 M4 vCF,AF-8 Series,15.36,0,0,Yes,,https://www.vmware.com/resources/compatibility/detail.php?deviceCategory=vsan&productid=42965&vsanrncomp=true&vcl=true,"ESXi 6.5.0d (vSAN 6.6), ESXi 6.5 U1 (vSAN 6.6.1)"
39466,AF-6: Fujitsu RX2540 M1,Fujitsu,FUJITSU CONFIGURATION TOOL: AF-6 Series for PY RX2540,AF-6 Series,8,0,0,"Available, build to order",,https://www.vmware.com/resources/compatibility/detail.php?deviceCategory=vsan&productid=39466&vsanrncomp=true&vcl=true,"ESXi 6.5.0d (vSAN 6.6), ESXi 6.5 U1 (vSAN 6.6.1), ESXi 6.5 (vSAN 6.5), ESXi 6.0 U3 (vSAN 6.2 Update 3), ESXi 6.0 U2 (vSAN 6.2), ESXi 6.0 U1 (vSAN 6.1), ESXi 6.0 (vSAN 6.0)"
40262,AF-6: Fujitsu RX2540 M2,Fujitsu,FUJITSU CONFIGURATION TOOL: AF-6 Series for PY RX2540 M2,AF-6 Series,8,0,0,"Available, build to order",,https://www.vmware.com/resources/compatibility/detail.php?deviceCategory=vsan&productid=40262&vsanrncomp=true&vcl=true,"ESXi 6.5.0d (vSAN 6.6), ESXi 6.5 U1 (vSAN 6.6.1), ESXi 6.5 (vSAN 6.5), ESXi 6.0 U3 (vSAN 6.2 Update 3), ESXi 6.0 U2 (vSAN 6.2), ESXi 6.0 U1 (vSAN 6.1), ESXi 6.0 (vSAN 6.0)"
41833,AF6-Fujitsu-RX2540 M2,Fujitsu,FUJITSU CONFIGURATION TOOL: AF-6 Series for PY RX2540 M2,AF-6 Series,9.6,0,0,Yes,,https://www.vmware.com/resources/compatibility/detail.php?deviceCategory=vsan&productid=41833&vsanrncomp=true&vcl=true,"ESXi 6.5.0d (vSAN 6.6), ESXi 6.5 U1 (vSAN 6.6.1), ESXi 6.5 (vSAN 6.5), ESXi 6.0 U3 (vSAN 6.2 Update 3), ESXi 6.0 U2 (vSAN 6.2), ESXi 6.0 U1 (vSAN 6.1), ESXi 6.0 (vSAN 6.0)"
39465,AF-8: Fujitsu RX2540 M1,Fujitsu,FUJITSU CONFIGURATION TOOL: AF-8 Series for PY RX2540,AF-8 Series,12.8,0,0,"Available, build to order",,https://www.vmware.com/resources/compatibility/detail.php?deviceCategory=vsan&productid=39465&vsanrncomp=true&vcl=true,"ESXi 6.5.0d (vSAN 6.6), ESXi 6.5 U1 (vSAN 6.6.1), ESXi 6.5 (vSAN 6.5), ESXi 6.0 U3 (vSAN 6.2 Update 3), ESXi 6.0 U2 (vSAN 6.2), ESXi 6.0 U1 (vSAN 6.1), ESXi 6.0 (vSAN 6.0)"
40264,AF-8: Fujitsu RX2540 M2,Fujitsu,FUJITSU CONFIGURATION TOOL: AF-8 Series for PY RX2540 M2,AF-8 Series,12.8,0,0,"Available, build to order",,https://www.vmware.com/resources/compatibility/detail.php?deviceCategory=vsan&productid=40264&vsanrncomp=true&vcl=true,"ESXi 6.5.0d (vSAN 6.6), ESXi 6.5 U1 (vSAN 6.6.1), ESXi 6.5 (vSAN 6.5), ESXi 6.0 U3 (vSAN 6.2 Update 3), ESXi 6.0 U2 (vSAN 6.2), ESXi 6.0 U1 (vSAN 6.1), ESXi 6.0 (vSAN 6.0)"
40864,AF-8: Fujitsu RX2540 M2,Fujitsu,FUJITSU CONFIGURATION TOOL: AF-8 Series for PY RX2540 M2,AF-8 Series,15.36,0,0,"Available, build to order",,https://www.vmware.com/resources/compatibility/detail.php?deviceCategory=vsan&productid=40864&vsanrncomp=true&vcl=true,"ESXi 6.5.0d (vSAN 6.6), ESXi 6.5 U1 (vSAN 6.6.1), ESXi 6.5 (vSAN 6.5), ESXi 6.0 U3 (vSAN 6.2 Update 3), ESXi 6.0 U2 (vSAN 6.2), ESXi 6.0 U1 (vSAN 6.1), ESXi 6.0 (vSAN 6.0)"
40064,AF-4: Fujitsu RX2540 M1,Fujitsu,FUJITSU CONFIGURATION TOOL: AF-4 Series for PY RX2540 M1,AF-4 Series,4,0,0,"Available, build to order",,https://www.vmware.com/resources/compatibility/detail.php?deviceCategory=vsan&productid=40064&vsanrncomp=true&vcl=true,"ESXi 6.5.0d (vSAN 6.6), ESXi 6.5 U1 (vSAN 6.6.1), ESXi 6.5 (vSAN 6.5), ESXi 6.0 U3 (vSAN 6.2 Update 3), ESXi 6.0 U2 (vSAN 6.2), ESXi 6.0 U1 (vSAN 6.1), ESXi 6.0 (vSAN 6.0)"
40259,AF-4: Fujitsu RX2540 M2,Fujitsu,FUJITSU CONFIGURATION TOOL: AF-4 Series for PY RX2540 M2,AF-4 Series,4,0,0,"Available, build to order",,https://www.vmware.com/resources/compatibility/detail.php?deviceCategory=vsan&productid=40259&vsanrncomp=true&vcl=true,"ESXi 6.5.0d (vSAN 6.6), ESXi 6.5 U1 (vSAN 6.6.1), ESXi 6.5 (vSAN 6.5), ESXi 6.0 U3 (vSAN 6.2 Update 3), ESXi 6.0 U2 (vSAN 6.2), ESXi 6.0 U1 (vSAN 6.1), ESXi 6.0 (vSAN 6.0)"
41832,AF4-Fujitsu-RX2540 M2,Fujitsu,FUJITSU CONFIGURATION TOOL: AF-4 Series for PY RX2540 M2,AF-4 Series,4.8,0,0,Yes,,https://www.vmware.com/resources/compatibility/detail.php?deviceCategory=vsan&productid=41832&vsanrncomp=true&vcl=true,"ESXi 6.5.0d (vSAN 6.6), ESXi 6.5 U1 (vSAN 6.6.1), ESXi 6.5 (vSAN 6.5), ESXi 6.0 U3 (vSAN 6.2 Update 3), ESXi 6.0 U2 (vSAN 6.2), ESXi 6.0 U1 (vSAN 6.1), ESXi 6.0 (vSAN 6.0)"
41782,AF-6: HPE DL360 Gen10 - SAS,Hewlett Packard Enterprise,System Reference ID: DL360Gen10_SAS_AF6 - 1,AF-6 Series,9.6,0,0,No,,https://www.vmware.com/resources/compatibility/detail.php?deviceCategory=vsan&productid=41782&vsanrncomp=true&vcl=true,"ESXi 6.5.0d (vSAN 6.6), ESXi 6.5 U1 (vSAN 6.6.1), ESXi 6.0 U3 (vSAN 6.2 Update 3)"
41785,AF-6: HPE DL380 Gen10 - SAS,Hewlett Packard Enterprise,System Reference ID:DL380Gen10_SAS_AF6 - 1,AF-6 Series,22.4,0,0,No,,https://www.vmware.com/resources/compatibility/detail.php?deviceCategory=vsan&productid=41785&vsanrncomp=true&vcl=true,"ESXi 6.5.0d (vSAN 6.6), ESXi 6.5 U1 (vSAN 6.6.1), ESXi 6.0 U3 (vSAN 6.2 Update 3)"
42832,AF-6: HPE Synergy Gen10,Hewlett Packard Enterprise,System Reference ID: SY480Gen10_SAS_AF6_1,AF-6 Series,6,0,0,No,,https://www.vmware.com/resources/compatibility/detail.php?deviceCategory=vsan&productid=42832&vsanrncomp=true&vcl=true,"ESXi 6.5.0d (vSAN 6.6), ESXi 6.5 U1 (vSAN 6.6.1)"
41783,AF-8: HPE DL360 Gen10 - SAS,Hewlett Packard Enterprise,System Reference ID:DL360Gen10_SAS_AF8 - 1,AF-8 Series,25.6,0,0,No,,https://www.vmware.com/resources/compatibility/detail.php?deviceCategory=vsan&productid=41783&vsanrncomp=true&vcl=true,"ESXi 6.5.0d (vSAN 6.6), ESXi 6.5 U1 (vSAN 6.6.1), ESXi 6.0 U3 (vSAN 6.2 Update 3)"
41786,AF-8: HPE DL380 Gen10 with SAS Expander - SAS,Hewlett Packard Enterprise,System Reference ID:DL380Gen10_Expander_SAS_AF8 - 1,AF-8 Series,80,0,0,No,,https://www.vmware.com/resources/compatibility/detail.php?deviceCategory=vsan&productid=41786&vsanrncomp=true&vcl=true,"ESXi 6.5.0d (vSAN 6.6), ESXi 6.5 U1 (vSAN 6.6.1), ESXi 6.0 U3 (vSAN 6.2 Update 3)"
42833,AF-8: HPE Synergy Gen10,Hewlett Packard Enterprise,System Reference ID: SY480Gen10_SAS_AF8_1,AF-8 Series,56,0,0,No,,https://www.vmware.com/resources/compatibility/detail.php?deviceCategory=vsan&productid=42833&vsanrncomp=true&vcl=true,"ESXi 6.5.0d (vSAN 6.6), ESXi 6.5 U1 (vSAN 6.6.1)"
42834,AF-8: HPE Synergy Gen10,Hewlett Packard Enterprise,System Reference ID: SY660Gen10_SAS_AF8_1,AF-8 Series,56,0,0,No,,https://www.vmware.com/resources/compatibility/detail.php?deviceCategory=vsan&productid=42834&vsanrncomp=true&vcl=true,"ESXi 6.5.0d (vSAN 6.6), ESXi 6.5 U1 (vSAN 6.6.1)"
41781,AF-4: HPE DL360 Gen10 - SAS,Hewlett Packard Enterprise,System Reference ID: DL360Gen10_SAS_AF4 - 1,AF-4 Series,6.4,0,0,No,,https://www.vmware.com/resources/compatibility/detail.php?deviceCategory=vsan&productid=41781&vsanrncomp=true&vcl=true,"ESXi 6.5.0d (vSAN 6.6), ESXi 6.5 U1 (vSAN 6.6.1), ESXi 6.0 U3 (vSAN 6.2 Update 3)"
41784,AF-4: HPE DL380 Gen10 - SAS,Hewlett Packard Enterprise,System Reference ID:DL380Gen10_SAS_AF4 - 1,AF-4 Series,9.6,0,0,No,,https://www.vmware.com/resources/compatibility/detail.php?deviceCategory=vsan&productid=41784&vsanrncomp=true&vcl=true,"ESXi 6.5.0d (vSAN 6.6), ESXi 6.5 U1 (vSAN 6.6.1), ESXi 6.0 U3 (vSAN 6.2 Update 3)"
42831,AF-4: HPE Synergy Gen10,Hewlett Packard Enterprise,System Reference ID: SY480Gen10_SAS_AF4_1,AF-4 Series,12.8,0,0,No,,https://www.vmware.com/resources/compatibility/detail.php?deviceCategory=vsan&productid=42831&vsanrncomp=true&vcl=true,"ESXi 6.5.0d (vSAN 6.6), ESXi 6.5 U1 (vSAN 6.6.1)"
39616,AF-6: HPE DL360 Gen9,Hewlett Packard Enterprise,System Reference ID: DL360Gen9AF6 - 1,AF-6 Series,8,0,0,No,,https://www.vmware.com/resources/compatibility/detail.php?deviceCategory=vsan&productid=39616&vsanrncomp=true&vcl=true,"ESXi 6.5.0d (vSAN 6.6), ESXi 6.5 U1 (vSAN 6.6.1), ESXi 6.5 (vSAN 6.5), ESXi 6.0 U3 (vSAN 6.2 Update 3), ESXi 6.0 U2 (vSAN 6.2), ESXi 6.0 U1 (vSAN 6.1), ESXi 6.0 (vSAN 6.0)"
39618,AF-6: HPE DL380 Gen9,Hewlett Packard Enterprise,System Reference ID: DL380Gen9AF6 - 1,AF-6 Series,8,0,0,No,,https://www.vmware.com/resources/compatibility/detail.php?deviceCategory=vsan&productid=39618&vsanrncomp=true&vcl=true,"ESXi 6.5.0d (vSAN 6.6), ESXi 6.5 U1 (vSAN 6.6.1), ESXi 6.5 (vSAN 6.5), ESXi 6.0 U3 (vSAN 6.2 Update 3), ESXi 6.0 U2 (vSAN 6.2), ESXi 6.0 U1 (vSAN 6.1), ESXi 6.0 (vSAN 6.0)"
40429,AF-6: HPE DL380 Gen9,Hewlett Packard Enterprise,System Reference ID: DL380Gen9AF6 - 2,AF-6 Series,11.5,0,0,No,,https://www.vmware.com/resources/compatibility/detail.php?deviceCategory=vsan&productid=40429&vsanrncomp=true&vcl=true,"ESXi 6.5.0d (vSAN 6.6), ESXi 6.5 U1 (vSAN 6.6.1), ESXi 6.5 (vSAN 6.5), ESXi 6.0 U3 (vSAN 6.2 Update 3), ESXi 6.0 U2 (vSAN 6.2), ESXi 5.5 U3 (vSAN 5.5 Update 3)"
40502,AF-6: HPE DL360 Gen9,Hewlett Packard Enterprise,System Reference ID: DL360Gen9AF6 - 2,AF-6 Series,6.4,0,0,No,,https://www.vmware.com/resources/compatibility/detail.php?deviceCategory=vsan&productid=40502&vsanrncomp=true&vcl=true,"ESXi 6.5.0d (vSAN 6.6), ESXi 6.5 U1 (vSAN 6.6.1), ESXi 6.5 (vSAN 6.5), ESXi 6.0 U3 (vSAN 6.2 Update 3), ESXi 6.0 U2 (vSAN 6.2), ESXi 5.5 U3 (vSAN 5.5 Update 3)"
40507,AF-6: HPE DL380 Gen9,Hewlett Packard Enterprise,System Reference ID: DL380Gen9AF6 - 3,AF-6 Series,6.4,0,0,No,,https://www.vmware.com/resources/compatibility/detail.php?deviceCategory=vsan&productid=40507&vsanrncomp=true&vcl=true,"ESXi 6.5.0d (vSAN 6.6), ESXi 6.5 U1 (vSAN 6.6.1), ESXi 6.5 (vSAN 6.5), ESXi 6.0 U3 (vSAN 6.2 Update 3), ESXi 6.0 U2 (vSAN 6.2), ESXi 5.5 U3 (vSAN 5.5 Update 3)"
41282,AF-6: HPE DL360 Gen9,Hewlett Packard Enterprise,System Reference ID: DL360Gen9AF6 - 2,AF-6 Series,28.8,0,0,No,,https://www.vmware.com/resources/compatibility/detail.php?deviceCategory=vsan&productid=41282&vsanrncomp=true&vcl=true,"ESXi 6.0 U3 (vSAN 6.2 Update 3), ESXi 6.0 U2 (vSAN 6.2)"
41283,AF-6: HPE DL360 Gen9,Hewlett Packard Enterprise,System Reference ID: DL360Gen9AF6 - 3,AF-6 Series,21.6,0,0,No,,https://www.vmware.com/resources/compatibility/detail.php?deviceCategory=vsan&productid=41283&vsanrncomp=true&vcl=true,"ESXi 6.0 U3 (vSAN 6.2 Update 3), ESXi 6.0 U2 (vSAN 6.2)"
41289,AF-6: HPE ProLiant X170r Gen9 Server in Apollo r2600 Chassis,Hewlett Packard Enterprise,System Reference ID: XL170rGen9_r2600,AF-6 Series,6.4,0,0,No,,https://www.vmware.com/resources/compatibility/detail.php?deviceCategory=vsan&productid=41289&vsanrncomp=true&vcl=true,"ESXi 6.5.0d (vSAN 6.6), ESXi 6.5 U1 (vSAN 6.6.1), ESXi 6.5 (vSAN 6.5), ESXi 6.0 U3 (vSAN 6.2 Update 3), ESXi 6.0 U2 (vSAN 6.2), ESXi 6.0 U1 (vSAN 6.1), ESXi 6.0 (vSAN 6.0)"
41297,AF-6: HPE ProLiant XL170r Gen9 Server in Apollo r2800 Chassis,Hewlett Packard Enterprise,System Reference ID: XL170rGen9_r2800,AF-6 Series,9.6,0,0,No,,https://www.vmware.com/resources/compatibility/detail.php?deviceCategory=vsan&productid=41297&vsanrncomp=true&vcl=true,"ESXi 6.5.0d (vSAN 6.6), ESXi 6.5 U1 (vSAN 6.6.1), ESXi 6.5 (vSAN 6.5), ESXi 6.0 U3 (vSAN 6.2 Update 3), ESXi 6.0 U2 (vSAN 6.2), ESXi 6.0 U1 (vSAN 6.1), ESXi 6.0 (vSAN 6.0)"
41610,AF-6: HPE Synergy Gen9 - SATA,Hewlett Packard Enterprise,System Reference ID: SY480Gen9_SATA_AF6_1,AF-6 Series,24,0,0,No,,https://www.vmware.com/resources/compatibility/detail.php?deviceCategory=vsan&productid=41610&vsanrncomp=true&vcl=true,ESXi 6.5 (vSAN 6.5)
40062,AF8-HPE DL380 Gen 9,Hewlett Packard Enterprise,DL380Gen9AF8 - 1,AF-8 Series,12.8,0,0,No,,https://www.vmware.com/resources/compatibility/detail.php?deviceCategory=vsan&productid=40062&vsanrncomp=true&vcl=true,"ESXi 6.5.0d (vSAN 6.6), ESXi 6.5 U1 (vSAN 6.6.1), ESXi 6.5 (vSAN 6.5), ESXi 6.0 U3 (vSAN 6.2 Update 3), ESXi 6.0 U2 (vSAN 6.2), ESXi 6.0 U1 (vSAN 6.1), ESXi 6.0 (vSAN 6.0)"
40510,Model: AF-8: HPE DL380 Gen9,Hewlett Packard Enterprise,System Reference ID: DL380Gen9AF8 - 2,AF-8 Series,12.8,0,0,No,,https://www.vmware.com/resources/compatibility/detail.php?deviceCategory=vsan&productid=40510&vsanrncomp=true&vcl=true,"ESXi 6.5.0d (vSAN 6.6), ESXi 6.5 U1 (vSAN 6.6.1), ESXi 6.5 (vSAN 6.5), ESXi 6.0 U3 (vSAN 6.2 Update 3), ESXi 6.0 U2 (vSAN 6.2), ESXi 5.5 U3 (vSAN 5.5 Update 3)"
40517,AF-8: HPE DL360 Gen9,Hewlett Packard Enterprise,System Reference ID: DL360Gen9AF8 - 1,AF-8 Series,12.8,0,0,No,,https://www.vmware.com/resources/compatibility/detail.php?deviceCategory=vsan&productid=40517&vsanrncomp=true&vcl=true,"ESXi 6.5.0d (vSAN 6.6), ESXi 6.5 U1 (vSAN 6.6.1), ESXi 6.5 (vSAN 6.5), ESXi 6.0 U3 (vSAN 6.2 Update 3), ESXi 6.0 U2 (vSAN 6.2), ESXi 5.5 U3 (vSAN 5.5 Update 3)"
40548,AF8: DL380Gen9AF8 - 3,Hewlett Packard Enterprise,System Reference ID: DL380Gen9AF8 - 3,AF-8 Series,33.6,0,0,No,,https://www.vmware.com/resources/compatibility/detail.php?deviceCategory=vsan&productid=40548&vsanrncomp=true&vcl=true,"ESXi 6.5.0d (vSAN 6.6), ESXi 6.5 U1 (vSAN 6.6.1), ESXi 6.5 (vSAN 6.5), ESXi 6.0 U3 (vSAN 6.2 Update 3), ESXi 6.0 U2 (vSAN 6.2)"
41284,AF-8: HPE DL380 Gen9,Hewlett Packard Enterprise,System Reference ID: DL380Gen9AF8 - 2,AF-8 Series,76.8,0,0,No,,https://www.vmware.com/resources/compatibility/detail.php?deviceCategory=vsan&productid=41284&vsanrncomp=true&vcl=true,"ESXi 6.0 U3 (vSAN 6.2 Update 3), ESXi 6.0 U2 (vSAN 6.2)"
41285,AF-8: HPE DL380 Gen9,Hewlett Packard Enterprise,System Reference ID: DL380Gen9AF8 - 3,AF-8 Series,35.2,0,0,No,,https://www.vmware.com/resources/compatibility/detail.php?deviceCategory=vsan&productid=41285&vsanrncomp=true&vcl=true,"ESXi 6.0 U3 (vSAN 6.2 Update 3), ESXi 6.0 U2 (vSAN 6.2)"
41296,AF-8: HPE ProLiant X190r Gen9 Server in Apollo r2600 Chassis,Hewlett Packard Enterprise,System Reference ID: XL190rGen9_r2600,AF-8 Series,16,0,0,No,,https://www.vmware.com/resources/compatibility/detail.php?deviceCategory=vsan&productid=41296&vsanrncomp=true&vcl=true,"ESXi 6.5.0d (vSAN 6.6), ESXi 6.5 U1 (vSAN 6.6.1), ESXi 6.5 (vSAN 6.5), ESXi 6.0 U3 (vSAN 6.2 Update 3), ESXi 6.0 U2 (vSAN 6.2), ESXi 6.0 U1 (vSAN 6.1), ESXi 6.0 (vSAN 6.0)"
41298,AF-8: HPE ProLiant XL190r Gen9 Server in Apollo r2800 Chassis with SAS Expander,Hewlett Packard Enterprise,System Reference ID: XL190rGen9_r2800_SAS Expander,AF-8 Series,80.64,0,0,No,,https://www.vmware.com/resources/compatibility/detail.php?deviceCategory=vsan&productid=41298&vsanrncomp=true&vcl=true,"ESXi 6.5.0d (vSAN 6.6), ESXi 6.5 U1 (vSAN 6.6.1), ESXi 6.5 (vSAN 6.5), ESXi 6.0 U3 (vSAN 6.2 Update 3), ESXi 6.0 U2 (vSAN 6.2), ESXi 6.0 U1 (vSAN 6.1), ESXi 6.0 (vSAN 6.0)"
41544,AF-8: HPE Synergy Gen9,Hewlett Packard Enterprise,System Reference ID: SY480Gen9_AF8_1,AF-8 Series,56,0,0,No,,https://www.vmware.com/resources/compatibility/detail.php?deviceCategory=vsan&productid=41544&vsanrncomp=true&vcl=true,"ESXi 6.5.0d (vSAN 6.6), ESXi 6.5 U1 (vSAN 6.6.1), ESXi 6.5 (vSAN 6.5)"
41545,AF-8: HPE Synergy Gen9,Hewlett Packard Enterprise,System Reference ID: SY660Gen9_AF8_1,AF-8 Series,56,0,0,No,,https://www.vmware.com/resources/compatibility/detail.php?deviceCategory=vsan&productid=41545&vsanrncomp=true&vcl=true,"ESXi 6.5.0d (vSAN 6.6), ESXi 6.5 U1 (vSAN 6.6.1), ESXi 6.5 (vSAN 6.5)"
41609,AF-8: HPE Synergy Gen9 - SATA,Hewlett Packard Enterprise,System Reference ID: SY480Gen9_SATA_AF8_1,AF-8 Series,48,0,0,No,,https://www.vmware.com/resources/compatibility/detail.php?deviceCategory=vsan&productid=41609&vsanrncomp=true&vcl=true,ESXi 6.5 (vSAN 6.5)
41611,AF-8: HPE Synergy Gen9 - SATA,Hewlett Packard Enterprise,System Reference ID: SY660Gen9_SATA_AF8_1,AF-8 Series,48,0,0,No,,https://www.vmware.com/resources/compatibility/detail.php?deviceCategory=vsan&productid=41611&vsanrncomp=true&vcl=true,ESXi 6.5 (vSAN 6.5)
40419,AF-4: HPE DL360 Gen9,Hewlett Packard Enterprise,System Reference ID: DL360Gen9AF4 - 1,AF-4 Series,3.8,0,0,No,,https://www.vmware.com/resources/compatibility/detail.php?deviceCategory=vsan&productid=40419&vsanrncomp=true&vcl=true,"ESXi 6.5.0d (vSAN 6.6), ESXi 6.5 U1 (vSAN 6.6.1), ESXi 6.5 (vSAN 6.5), ESXi 6.0 U3 (vSAN 6.2 Update 3), ESXi 6.0 U2 (vSAN 6.2), ESXi 5.5 U3 (vSAN 5.5 Update 3)"
40428,AF-4: HPE DL380 Gen9,Hewlett Packard Enterprise,System Reference ID: DL380Gen9AF4 - 1,AF-4 Series,7.7,0,0,No,,https://www.vmware.com/resources/compatibility/detail.php?deviceCategory=vsan&productid=40428&vsanrncomp=true&vcl=true,"ESXi 6.5.0d (vSAN 6.6), ESXi 6.5 U1 (vSAN 6.6.1), ESXi 6.5 (vSAN 6.5), ESXi 6.0 U3 (vSAN 6.2 Update 3), ESXi 6.0 U2 (vSAN 6.2), ESXi 5.5 U3 (vSAN 5.5 Update 3)"
41542,AF-4: HPE Synergy Gen9,Hewlett Packard Enterprise,System Reference ID: SY480Gen9_AF4_1,AF-4 Series,12.8,0,0,No,,https://www.vmware.com/resources/compatibility/detail.php?deviceCategory=vsan&productid=41542&vsanrncomp=true&vcl=true,"ESXi 6.5.0d (vSAN 6.6), ESXi 6.5 U1 (vSAN 6.6.1), ESXi 6.5 (vSAN 6.5)"
41543,AF-6: HPE Synergy Gen9,Hewlett Packard Enterprise,System Reference ID: SY480Gen9_AF6_1,AF-4 Series,24,0,0,No,,https://www.vmware.com/resources/compatibility/detail.php?deviceCategory=vsan&productid=41543&vsanrncomp=true&vcl=true,"ESXi 6.5.0d (vSAN 6.6), ESXi 6.5 U1 (vSAN 6.6.1), ESXi 6.5 (vSAN 6.5)"
41608,AF-4: HPE Synergy Gen9 - SATA,Hewlett Packard Enterprise,System Reference ID: SY480Gen9_SATA_AF4_1,AF-4 Series,9.6,0,0,No,,https://www.vmware.com/resources/compatibility/detail.php?deviceCategory=vsan&productid=41608&vsanrncomp=true&vcl=true,ESXi 6.5 (vSAN 6.5)
40410,AF-8: HPE BL460c Gen 9,Hewlett Packard Enterprise,BL460cGen9AF8 - 1,AF-8 Series,9.4,0,0,No,,https://www.vmware.com/resources/compatibility/detail.php?deviceCategory=vsan&productid=40410&vsanrncomp=true&vcl=true,"ESXi 6.5.0d (vSAN 6.6), ESXi 6.5 U1 (vSAN 6.6.1), ESXi 6.5 (vSAN 6.5), ESXi 6.0 U3 (vSAN 6.2 Update 3), ESXi 6.0 U2 (vSAN 6.2), ESXi 6.0 U1 (vSAN 6.1), ESXi 6.0 (vSAN 6.0)"
40412,AF-8: HPE BL460c Gen 9,Hewlett Packard Enterprise,BL460cGen9AF8 - 2,AF-8 Series,9.4,0,0,No,,https://www.vmware.com/resources/compatibility/detail.php?deviceCategory=vsan&productid=40412&vsanrncomp=true&vcl=true,"ESXi 6.5.0d (vSAN 6.6), ESXi 6.5 U1 (vSAN 6.6.1), ESXi 6.5 (vSAN 6.5), ESXi 6.0 U3 (vSAN 6.2 Update 3), ESXi 6.0 U2 (vSAN 6.2)"
42815,AF-6 : Hitachi HA8000V/DL380 Gen10-SAS,Hitachi,System Reference ID: HA8000V/DL360Gen10_SAS_AF8 – 1,AF-6 Series,22.4,0,0,No,,https://www.vmware.com/resources/compatibility/detail.php?deviceCategory=vsan&productid=42815&vsanrncomp=true&vcl=true,"ESXi 6.5.0d (vSAN 6.6), ESXi 6.5 U1 (vSAN 6.6.1), ESXi 6.0 U3 (vSAN 6.2 Update 3)"
42816,AF-6 : Hitachi HA8000V/DL360 Gen10-SAS,Hitachi,System Reference ID: HA8000V/DL360Gen10_SAS_AF6 – 1,AF-6 Series,9.6,0,0,No,,https://www.vmware.com/resources/compatibility/detail.php?deviceCategory=vsan&productid=42816&vsanrncomp=true&vcl=true,"ESXi 6.5.0d (vSAN 6.6), ESXi 6.5 U1 (vSAN 6.6.1), ESXi 6.0 U3 (vSAN 6.2 Update 3)"
42812,AF-8 : Hitachi HA8000V/DL380 Gen10 with SAS Expander -SAS,Hitachi,System Reference ID: HA8000V/DL380Gen10_Expander_SAS_AF8 – 1,AF-8 Series,80,0,0,No,,https://www.vmware.com/resources/compatibility/detail.php?deviceCategory=vsan&productid=42812&vsanrncomp=true&vcl=true,"ESXi 6.5.0d (vSAN 6.6), ESXi 6.5 U1 (vSAN 6.6.1), ESXi 6.0 U3 (vSAN 6.2 Update 3)"
42814,AF-8 : Hitachi HA8000V/DL360 Gen10-SAS,Hitachi,System Reference ID: HA8000V/DL380Gen10_Expander_SAS_AF8 – 1,AF-8 Series,25.6,0,0,No,,https://www.vmware.com/resources/compatibility/detail.php?deviceCategory=vsan&productid=42814&vsanrncomp=true&vcl=true,"ESXi 6.5.0d (vSAN 6.6), ESXi 6.5 U1 (vSAN 6.6.1), ESXi 6.0 U3 (vSAN 6.2 Update 3)"
42801,AF-4 : Hitachi HA8000V/DL360 Gen10-SAS,Hitachi,System Reference ID: HA8000V/DL360Gen10_SAS_AF4 - 1,AF-4 Series,6.4,0,0,No,,https://www.vmware.com/resources/compatibility/detail.php?deviceCategory=vsan&productid=42801&vsanrncomp=true&vcl=true,"ESXi 6.5.0d (vSAN 6.6), ESXi 6.5 U1 (vSAN 6.6.1), ESXi 6.0 U3 (vSAN 6.2 Update 3)"
42817,AF-4 : Hitachi HA8000V/DL380 Gen10-SAS,Hitachi,System Reference ID: HA8000V/DL380Gen10_SAS_AF4 – 1,AF-4 Series,9.6,0,0,No,,https://www.vmware.com/resources/compatibility/detail.php?deviceCategory=vsan&productid=42817&vsanrncomp=true&vcl=true,"ESXi 6.5.0d (vSAN 6.6), ESXi 6.5 U1 (vSAN 6.6.1), ESXi 6.0 U3 (vSAN 6.2 Update 3)"
42129,AF-6-HDS-UCP V120F-series,Hitachi Data Systems (HDS),Hitachi Unified Compute Platform HC V120F,AF-6 Series,11.4,0,0,Yes,,https://www.vmware.com/resources/compatibility/detail.php?deviceCategory=vsan&productid=42129&vsanrncomp=true&vcl=true,"ESXi 6.5.0d (vSAN 6.6), ESXi 6.5 U1 (vSAN 6.6.1), ESXi 6.0 U3 (vSAN 6.2 Update 3)"
42802,AF-6-HDS-UCP V121F-series,Hitachi Data Systems (HDS),Hitachi Unified Compute Platform HC V121F,AF-6 Series,11.4,0,0,Yes,,https://www.vmware.com/resources/compatibility/detail.php?deviceCategory=vsan&productid=42802&vsanrncomp=true&vcl=true,"ESXi 6.5.0d (vSAN 6.6), ESXi 6.5 U1 (vSAN 6.6.1)"
42809,AF-6-HDS-UCP V123F-series,Hitachi Data Systems (HDS),Hitachi Unified Compute Platform HC V123F,AF-6 Series,11.4,0,0,Yes,,https://www.vmware.com/resources/compatibility/detail.php?deviceCategory=vsan&productid=42809&vsanrncomp=true&vcl=true,"ESXi 6.5.0d (vSAN 6.6), ESXi 6.5 U1 (vSAN 6.6.1)"
42131,AF-8-HDS-UCP V120F-series,Hitachi Data Systems (HDS),Hitachi Unified Compute Platform HC V120F,AF-8 Series,15.2,0,0,Yes,,https://www.vmware.com/resources/compatibility/detail.php?deviceCategory=vsan&productid=42131&vsanrncomp=true&vcl=true,"ESXi 6.5.0d (vSAN 6.6), ESXi 6.5 U1 (vSAN 6.6.1), ESXi 6.0 U3 (vSAN 6.2 Update 3)"
42811,AF-8-HDS-UCP V123F-series,Hitachi Data Systems (HDS),Hitachi Unified Compute Platform HC V123F,AF-8 Series,15.2,0,0,Yes,,https://www.vmware.com/resources/compatibility/detail.php?deviceCategory=vsan&productid=42811&vsanrncomp=true&vcl=true,"ESXi 6.5.0d (vSAN 6.6), ESXi 6.5 U1 (vSAN 6.6.1)"
42130,AF-4-HDS-UCP V120F-series,Hitachi Data Systems (HDS),Hitachi Unified Compute Platform HC V120F,AF-4 Series,4.8,0,0,Yes,,https://www.vmware.com/resources/compatibility/detail.php?deviceCategory=vsan&productid=42130&vsanrncomp=true&vcl=true,"ESXi 6.5.0d (vSAN 6.6), ESXi 6.5 U1 (vSAN 6.6.1), ESXi 6.0 U3 (vSAN 6.2 Update 3)"
42800,AF-4-HDS-UCP V121F-series,Hitachi Data Systems (HDS),Hitachi Unified Compute Platform HC V121F,AF-4 Series,4.8,0,0,Yes,,https://www.vmware.com/resources/compatibility/detail.php?deviceCategory=vsan&productid=42800&vsanrncomp=true&vcl=true,"ESXi 6.5.0d (vSAN 6.6), ESXi 6.5 U1 (vSAN 6.6.1)"
41835,AF-6-HDS-UCP V210F-series,Hitachi Data Systems (HDS),Hitachi Unified Compute Platform HC V210F,AF-6 Series,8,0,0,Yes,,https://www.vmware.com/resources/compatibility/detail.php?deviceCategory=vsan&productid=41835&vsanrncomp=true&vcl=true,"ESXi 6.5.0d (vSAN 6.6), ESXi 6.5 U1 (vSAN 6.6.1), ESXi 6.5 (vSAN 6.5), ESXi 6.0 U3 (vSAN 6.2 Update 3), ESXi 6.0 U2 (vSAN 6.2), ESXi 6.0 U1 (vSAN 6.1), ESXi 6.0 (vSAN 6.0)"
42064,AF-6-HDS-UCP V240F-series,Hitachi Data Systems (HDS),Hitachi Unified Compute Platform HC V240F,AF-6 Series,9.5,0,0,Yes,,https://www.vmware.com/resources/compatibility/detail.php?deviceCategory=vsan&productid=42064&vsanrncomp=true&vcl=true,"ESXi 6.5.0d (vSAN 6.6), ESXi 6.5 U1 (vSAN 6.6.1), ESXi 6.5 (vSAN 6.5), ESXi 6.0 U3 (vSAN 6.2 Update 3), ESXi 6.0 U2 (vSAN 6.2), ESXi 6.0 U1 (vSAN 6.1), ESXi 6.0 (vSAN 6.0)"
41836,AF-8-HDS-UCP V210F-series,Hitachi Data Systems (HDS),Hitachi Unified Compute Platform HC V210F,AF-8 Series,12,0,0,Yes,,https://www.vmware.com/resources/compatibility/detail.php?deviceCategory=vsan&productid=41836&vsanrncomp=true&vcl=true,"ESXi 6.5.0d (vSAN 6.6), ESXi 6.5 U1 (vSAN 6.6.1), ESXi 6.5 (vSAN 6.5), ESXi 6.0 U3 (vSAN 6.2 Update 3), ESXi 6.0 U2 (vSAN 6.2), ESXi 6.0 U1 (vSAN 6.1), ESXi 6.0 (vSAN 6.0)"
42065,AF-8-HDS-UCP V240F-series,Hitachi Data Systems (HDS),Hitachi Unified Compute Platform HC V240F,AF-8 Series,15.2,0,0,Yes,,https://www.vmware.com/resources/compatibility/detail.php?deviceCategory=vsan&productid=42065&vsanrncomp=true&vcl=true,"ESXi 6.5.0d (vSAN 6.6), ESXi 6.5 U1 (vSAN 6.6.1), ESXi 6.5 (vSAN 6.5), ESXi 6.0 U3 (vSAN 6.2 Update 3), ESXi 6.0 U2 (vSAN 6.2), ESXi 6.0 U1 (vSAN 6.1), ESXi 6.0 (vSAN 6.0)"
41834,AF-4-HDS-UCP V210F-series,Hitachi Data Systems (HDS),Hitachi Unified Compute Platform HC V210F,AF-4 Series,4,0,0,Yes,,https://www.vmware.com/resources/compatibility/detail.php?deviceCategory=vsan&productid=41834&vsanrncomp=true&vcl=true,"ESXi 6.5.0d (vSAN 6.6), ESXi 6.5 U1 (vSAN 6.6.1), ESXi 6.5 (vSAN 6.5), ESXi 6.0 U3 (vSAN 6.2 Update 3), ESXi 6.0 U2 (vSAN 6.2), ESXi 6.0 U1 (vSAN 6.1), ESXi 6.0 (vSAN 6.0)"
42063,AF-4-HDS-UCP V240F-series,Hitachi Data Systems (HDS),Hitachi Unified Compute Platform HC V240F,AF-4 Series,4.8,0,0,Yes,,https://www.vmware.com/resources/compatibility/detail.php?deviceCategory=vsan&productid=42063&vsanrncomp=true&vcl=true,"ESXi 6.5.0d (vSAN 6.6), ESXi 6.5 U1 (vSAN 6.6.1), ESXi 6.5 (vSAN 6.5), ESXi 6.0 U3 (vSAN 6.2 Update 3), ESXi 6.0 U2 (vSAN 6.2), ESXi 6.0 U1 (vSAN 6.1), ESXi 6.0 (vSAN 6.0)"
39614,AF-6: HP DL360 Gen9,HP,System Reference  ID: DL360Gen9AF6 - 1,AF-6 Series,8,0,0,No,,https://www.vmware.com/resources/compatibility/detail.php?deviceCategory=vsan&productid=39614&vsanrncomp=true&vcl=true,"ESXi 6.5.0d (vSAN 6.6), ESXi 6.5 U1 (vSAN 6.6.1), ESXi 6.5 (vSAN 6.5), ESXi 6.0 U3 (vSAN 6.2 Update 3), ESXi 6.0 U2 (vSAN 6.2), ESXi 6.0 U1 (vSAN 6.1), ESXi 6.0 (vSAN 6.0)"
39617,AF-6: HP DL380 Gen9,HP,System Reference ID: DL380Gen9AF6 - 1,AF-6 Series,8,0,0,No,,https://www.vmware.com/resources/compatibility/detail.php?deviceCategory=vsan&productid=39617&vsanrncomp=true&vcl=true,"ESXi 6.5.0d (vSAN 6.6), ESXi 6.5 U1 (vSAN 6.6.1), ESXi 6.5 (vSAN 6.5), ESXi 6.0 U3 (vSAN 6.2 Update 3), ESXi 6.0 U2 (vSAN 6.2), ESXi 6.0 U1 (vSAN 6.1), ESXi 6.0 (vSAN 6.0)"
39942,AF8-HPE DL380 Gen 9,HP,DL380Gen9AF8 - 1,AF-8 Series,12.8,0,0,No,,https://www.vmware.com/resources/compatibility/detail.php?deviceCategory=vsan&productid=39942&vsanrncomp=true&vcl=true,"ESXi 6.5.0d (vSAN 6.6), ESXi 6.5 U1 (vSAN 6.6.1), ESXi 6.5 (vSAN 6.5), ESXi 6.0 U3 (vSAN 6.2 Update 3), ESXi 6.0 U2 (vSAN 6.2), ESXi 6.0 U1 (vSAN 6.1), ESXi 6.0 (vSAN 6.0)"
39871,AF-6: Huawei RH2288H V3,Huawei Technologies Co. Ltd.,FusionServer RH2288H V3,AF-6 Series,4.8,0,0,No,,https://www.vmware.com/resources/compatibility/detail.php?deviceCategory=vsan&productid=39871&vsanrncomp=true&vcl=true,"ESXi 6.5.0d (vSAN 6.6), ESXi 6.5 U1 (vSAN 6.6.1), ESXi 6.5 (vSAN 6.5), ESXi 6.0 U3 (vSAN 6.2 Update 3), ESXi 6.0 U2 (vSAN 6.2), ESXi 6.0 U1 (vSAN 6.1), ESXi 6.0 (vSAN 6.0)"
39881,FusionServer RH2288H V3,Huawei Technologies Co. Ltd.,FusionServer RH2288H V3,AF-6 Series,6.4,0,0,No,,https://www.vmware.com/resources/compatibility/detail.php?deviceCategory=vsan&productid=39881&vsanrncomp=true&vcl=true,"ESXi 6.5.0d (vSAN 6.6), ESXi 6.5 U1 (vSAN 6.6.1), ESXi 6.5 (vSAN 6.5), ESXi 6.0 U3 (vSAN 6.2 Update 3), ESXi 6.0 U2 (vSAN 6.2), ESXi 6.0 U1 (vSAN 6.1), ESXi 6.0 (vSAN 6.0)"
41194,AF-6 RH2288H V3,Huawei Technologies Co. Ltd.,FusionServer  RH2288H V3-AF-6-2,AF-6 Series,4.8,0,0,No,,https://www.vmware.com/resources/compatibility/detail.php?deviceCategory=vsan&productid=41194&vsanrncomp=true&vcl=true,"ESXi 6.5.0d (vSAN 6.6), ESXi 6.5 U1 (vSAN 6.6.1), ESXi 6.5 (vSAN 6.5), ESXi 6.0 U3 (vSAN 6.2 Update 3), ESXi 6.0 U2 (vSAN 6.2), ESXi 6.0 U1 (vSAN 6.1), ESXi 6.0 (vSAN 6.0)"
42895,AF-6 RH2288H V3,Huawei Technologies Co. Ltd.,FusionServer  RH2288H V3-AF-6-2,AF-6 Series,5.76,0,0,No,,https://www.vmware.com/resources/compatibility/detail.php?deviceCategory=vsan&productid=42895&vsanrncomp=true&vcl=true,"ESXi 6.5.0d (vSAN 6.6), ESXi 6.5 U1 (vSAN 6.6.1), ESXi 6.5 (vSAN 6.5), ESXi 6.0 U3 (vSAN 6.2 Update 3), ESXi 6.0 U2 (vSAN 6.2), ESXi 6.0 U1 (vSAN 6.1), ESXi 6.0 (vSAN 6.0)"
40962,AF-8: RH2288H V3,Huawei Technologies Co. Ltd.,FusionServer-vSAN-RH2288H V3 -AF-8,AF-8 Series,11.2,0,0,No,,https://www.vmware.com/resources/compatibility/detail.php?deviceCategory=vsan&productid=40962&vsanrncomp=true&vcl=true,"ESXi 6.0 U3 (vSAN 6.2 Update 3), ESXi 6.0 U2 (vSAN 6.2), ESXi 6.0 U1 (vSAN 6.1), ESXi 6.0 (vSAN 6.0)"
41058,AF-8: CH225 V3,Huawei Technologies Co. Ltd.,E9000 FusionServer CH225 V3-AF-8-1,AF-8 Series,57.6,0,0,No,,https://www.vmware.com/resources/compatibility/detail.php?deviceCategory=vsan&productid=41058&vsanrncomp=true&vcl=true,"ESXi 6.5.0d (vSAN 6.6), ESXi 6.5 U1 (vSAN 6.6.1), ESXi 6.5 (vSAN 6.5), ESXi 6.0 U3 (vSAN 6.2 Update 3), ESXi 6.0 U2 (vSAN 6.2), ESXi 6.0 U1 (vSAN 6.1), ESXi 6.0 (vSAN 6.0)"
40413,AF-4: RH2288H V3,Huawei Technologies Co. Ltd.,FusionServer-vSAN-RH2288H V3 -AF-4,AF-4 Series,4,0,0,No,,https://www.vmware.com/resources/compatibility/detail.php?deviceCategory=vsan&productid=40413&vsanrncomp=true&vcl=true,"ESXi 6.5.0d (vSAN 6.6), ESXi 6.5 U1 (vSAN 6.6.1), ESXi 6.5 (vSAN 6.5), ESXi 6.0 U3 (vSAN 6.2 Update 3), ESXi 6.0 U2 (vSAN 6.2), ESXi 6.0 U1 (vSAN 6.1), ESXi 6.0 (vSAN 6.0)"
40414,AF-4: RH2288H V3,Huawei Technologies Co. Ltd.,FusionServer-vSAN-RH2288H V3 -AF-4,AF-4 Series,4,0,0,No,,https://www.vmware.com/resources/compatibility/detail.php?deviceCategory=vsan&productid=40414&vsanrncomp=true&vcl=true,"ESXi 6.5.0d (vSAN 6.6), ESXi 6.5 U1 (vSAN 6.6.1), ESXi 6.5 (vSAN 6.5), ESXi 6.0 U3 (vSAN 6.2 Update 3), ESXi 6.0 U2 (vSAN 6.2), ESXi 6.0 U1 (vSAN 6.1), ESXi 6.0 (vSAN 6.0)"
41195,AF-4 RH2288H V3,Huawei Technologies Co. Ltd.,FusionServer  RH2288H V3-AF-4-3,AF-4 Series,4,0,0,No,,https://www.vmware.com/resources/compatibility/detail.php?deviceCategory=vsan&productid=41195&vsanrncomp=true&vcl=true,"ESXi 6.5.0d (vSAN 6.6), ESXi 6.5 U1 (vSAN 6.6.1), ESXi 6.5 (vSAN 6.5), ESXi 6.0 U3 (vSAN 6.2 Update 3), ESXi 6.0 U2 (vSAN 6.2), ESXi 6.0 U1 (vSAN 6.1), ESXi 6.0 (vSAN 6.0)"
42894,AF-4 RH2288H V3,Huawei Technologies Co. Ltd.,FusionServer  RH2288H V3-AF-4-3,AF-4 Series,4.8,0,0,No,,https://www.vmware.com/resources/compatibility/detail.php?deviceCategory=vsan&productid=42894&vsanrncomp=true&vcl=true,"ESXi 6.5.0d (vSAN 6.6), ESXi 6.5 U1 (vSAN 6.6.1), ESXi 6.5 (vSAN 6.5), ESXi 6.0 U3 (vSAN 6.2 Update 3), ESXi 6.0 U2 (vSAN 6.2), ESXi 6.0 U1 (vSAN 6.1), ESXi 6.0 (vSAN 6.0)"
42649,AF-4-Inspur-NF5280M5,Inspur,Inspur AF-4  NF5280M5-NVMe&PCIe,AF-4 Series,16,0,0,No,,https://www.vmware.com/resources/compatibility/detail.php?deviceCategory=vsan&productid=42649&vsanrncomp=true&vcl=true,"ESXi 6.5.0d (vSAN 6.6), ESXi 6.5 U1 (vSAN 6.6.1)"
42896,AF-6-Intel-2U4N BNP (optane+SATA)-VMD-Enabled,Intel,VRN2224BPAF6,AF-6 Series,9.6,0,0,No,,https://www.vmware.com/resources/compatibility/detail.php?deviceCategory=vsan&productid=42896&vsanrncomp=true&vcl=true,"ESXi 6.5.0d (vSAN 6.6), ESXi 6.5 U1 (vSAN 6.6.1)"
42343,AF-8-Intel-2U1N WFP (Optane+NVME)-VMD-Enabled,Intel,VRN2208WFAF83,AF-8 Series,24,0,0,No,,https://www.vmware.com/resources/compatibility/detail.php?deviceCategory=vsan&productid=42343&vsanrncomp=true&vcl=true,"ESXi 6.5 U1 (vSAN 6.6.1), ESXi 6.5 (vSAN 6.5)"
42844,AF-8-Intel-2U1N WFP (Optane+NVME)-VMD-Enabled,Intel,VRN2208WFAF82,AF-8 Series,12,0,0,No,,https://www.vmware.com/resources/compatibility/detail.php?deviceCategory=vsan&productid=42844&vsanrncomp=true&vcl=true,"ESXi 6.5.0d (vSAN 6.6), ESXi 6.5 U1 (vSAN 6.6.1)"
40227,AF6-Intel-WCP,Intel,VRN2208WAF6,AF-6 Series,9.6,0,0,No,,https://www.vmware.com/resources/compatibility/detail.php?deviceCategory=vsan&productid=40227&vsanrncomp=true&vcl=true,"ESXi 6.5.0d (vSAN 6.6), ESXi 6.5 U1 (vSAN 6.6.1), ESXi 6.5 (vSAN 6.5), ESXi 6.0 U3 (vSAN 6.2 Update 3), ESXi 6.0 U2 (vSAN 6.2), ESXi 6.0 U1 (vSAN 6.1), ESXi 6.0 (vSAN 6.0)"
40228,AF8-Intel-WCP,Intel,VRN2208WAF8,AF-8 Series,14.4,0,0,No,,https://www.vmware.com/resources/compatibility/detail.php?deviceCategory=vsan&productid=40228&vsanrncomp=true&vcl=true,"ESXi 6.5.0d (vSAN 6.6), ESXi 6.5 U1 (vSAN 6.6.1), ESXi 6.5 (vSAN 6.5), ESXi 6.0 U3 (vSAN 6.2 Update 3), ESXi 6.0 U2 (vSAN 6.2), ESXi 6.0 U1 (vSAN 6.1), ESXi 6.0 (vSAN 6.0)"
41675,AF4: Intel-BCP,Intel,VRN2224TAF4,AF-4 Series,6,0,0,No,,https://www.vmware.com/resources/compatibility/detail.php?deviceCategory=vsan&productid=41675&vsanrncomp=true&vcl=true,"ESXi 6.5.0d (vSAN 6.6), ESXi 6.5 U1 (vSAN 6.6.1), ESXi 6.5 (vSAN 6.5), ESXi 6.0 U3 (vSAN 6.2 Update 3), ESXi 6.0 U2 (vSAN 6.2), ESXi 6.0 U1 (vSAN 6.1)"
42383,AF-6-Lenovo-ThinkSystem SR650,Lenovo,7X05CTO1WW,AF-6 Series,30.72,0,0,No,,https://www.vmware.com/resources/compatibility/detail.php?deviceCategory=vsan&productid=42383&vsanrncomp=true&vcl=true,"ESXi 6.5.0d (vSAN 6.6), ESXi 6.5 U1 (vSAN 6.6.1)"
42384,AF-6-Lenovo-ThinkSystem SR650,Lenovo,7X05CTO1WW,AF-6 Series,15.36,0,0,No,,https://www.vmware.com/resources/compatibility/detail.php?deviceCategory=vsan&productid=42384&vsanrncomp=true&vcl=true,"ESXi 6.5.0d (vSAN 6.6), ESXi 6.5 U1 (vSAN 6.6.1)"
42385,AF-6-Lenovo-ThinkSystem SR630,Lenovo,7X01CTO1WW,AF-6 Series,15.36,0,0,No,,https://www.vmware.com/resources/compatibility/detail.php?deviceCategory=vsan&productid=42385&vsanrncomp=true&vcl=true,"ESXi 6.5.0d (vSAN 6.6), ESXi 6.5 U1 (vSAN 6.6.1)"
42680,AF-6-Lenovo-ThinkSystem SR650,Lenovo,7X05CTO1WW,AF-6 Series,12.8,0,0,No,,https://www.vmware.com/resources/compatibility/detail.php?deviceCategory=vsan&productid=42680&vsanrncomp=true&vcl=true,"ESXi 6.5.0d (vSAN 6.6), ESXi 6.5 U1 (vSAN 6.6.1)"
42682,AF-6-Lenovo-ThinkSystem SR630,Lenovo,7X01CTO1WW,AF-6 Series,12.8,0,0,No,,https://www.vmware.com/resources/compatibility/detail.php?deviceCategory=vsan&productid=42682&vsanrncomp=true&vcl=true,"ESXi 6.5.0d (vSAN 6.6), ESXi 6.5 U1 (vSAN 6.6.1)"
42804,AF-6 Lenovo ThinkSystem SR650,Lenovo,7X05CTO1WW,AF-6 Series,7.68,0,0,No,,https://www.vmware.com/resources/compatibility/detail.php?deviceCategory=vsan&productid=42804&vsanrncomp=true&vcl=true,"ESXi 6.5.0d (vSAN 6.6), ESXi 6.5 U1 (vSAN 6.6.1)"
42805,AF-6 Lenovo ThinkSystem SR630,Lenovo,7X05CTO1WW,AF-6 Series,7.68,0,0,No,,https://www.vmware.com/resources/compatibility/detail.php?deviceCategory=vsan&productid=42805&vsanrncomp=true&vcl=true,"ESXi 6.5.0d (vSAN 6.6), ESXi 6.5 U1 (vSAN 6.6.1)"
42911,AF-6 Lenovo ThinkAgile VX7520,Lenovo,7Y14CTO2WW,AF-6 Series,30.72,0,0,No,,https://www.vmware.com/resources/compatibility/detail.php?deviceCategory=vsan&productid=42911&vsanrncomp=true&vcl=true,"ESXi 6.5.0d (vSAN 6.6), ESXi 6.5 U1 (vSAN 6.6.1)"
42912,AF-6 Lenovo ThinkAgile VX7520,Lenovo,7Y14CTO2WW,AF-6 Series,15.36,0,0,No,,https://www.vmware.com/resources/compatibility/detail.php?deviceCategory=vsan&productid=42912&vsanrncomp=true&vcl=true,"ESXi 6.5.0d (vSAN 6.6), ESXi 6.5 U1 (vSAN 6.6.1)"
42914,AF-6 Lenovo ThinkAgile VX3320,Lenovo,7Y13CTO1WW,AF-6 Series,15.36,0,0,No,,https://www.vmware.com/resources/compatibility/detail.php?deviceCategory=vsan&productid=42914&vsanrncomp=true&vcl=true,"ESXi 6.5.0d (vSAN 6.6), ESXi 6.5 U1 (vSAN 6.6.1)"
42915,AF-6 Lenovo ThinkAgile VX7520,Lenovo,7Y14CTO2WW,AF-6 Series,12.8,0,0,No,,https://www.vmware.com/resources/compatibility/detail.php?deviceCategory=vsan&productid=42915&vsanrncomp=true&vcl=true,"ESXi 6.5.0d (vSAN 6.6), ESXi 6.5 U1 (vSAN 6.6.1)"
42916,AF-6 Lenovo ThinkAgile VX3320,Lenovo,7Y13CTO1WW,AF-6 Series,12.8,0,0,No,,https://www.vmware.com/resources/compatibility/detail.php?deviceCategory=vsan&productid=42916&vsanrncomp=true&vcl=true,"ESXi 6.5.0d (vSAN 6.6), ESXi 6.5 U1 (vSAN 6.6.1)"
42917,AF-6 Lenovo ThinkAgile VX7520,Lenovo,7Y14CTO2WW,AF-6 Series,7.68,0,0,No,,https://www.vmware.com/resources/compatibility/detail.php?deviceCategory=vsan&productid=42917&vsanrncomp=true&vcl=true,"ESXi 6.5.0d (vSAN 6.6), ESXi 6.5 U1 (vSAN 6.6.1)"
42918,AF-6 Lenovo ThinkAgile VX3320,Lenovo,7Y13CTO1WW,AF-6 Series,7.68,0,0,No,,https://www.vmware.com/resources/compatibility/detail.php?deviceCategory=vsan&productid=42918&vsanrncomp=true&vcl=true,"ESXi 6.5.0d (vSAN 6.6), ESXi 6.5 U1 (vSAN 6.6.1)"
42378,AF-8-Lenovo-ThinkSystem SR650,Lenovo,7X05CTO1WW,AF-8 Series,61.44,0,0,No,,https://www.vmware.com/resources/compatibility/detail.php?deviceCategory=vsan&productid=42378&vsanrncomp=true&vcl=true,"ESXi 6.5.0d (vSAN 6.6), ESXi 6.5 U1 (vSAN 6.6.1)"
42382,AF-8-Lenovo-ThinkSystem SR650,Lenovo,7X05CTO1WW,AF-8 Series,30.72,0,0,No,,https://www.vmware.com/resources/compatibility/detail.php?deviceCategory=vsan&productid=42382&vsanrncomp=true&vcl=true,"ESXi 6.5.0d (vSAN 6.6), ESXi 6.5 U1 (vSAN 6.6.1)"
42679,AF-8-Lenovo-ThinkSystem SR650,Lenovo,7X05CTO1WW,AF-8 Series,19.2,0,0,No,,https://www.vmware.com/resources/compatibility/detail.php?deviceCategory=vsan&productid=42679&vsanrncomp=true&vcl=true,"ESXi 6.5.0d (vSAN 6.6), ESXi 6.5 U1 (vSAN 6.6.1)"
42803,AF-8 Lenovo ThinkSystem SR650,Lenovo,7X05CTO1WW,AF-8 Series,11.52,0,0,No,,https://www.vmware.com/resources/compatibility/detail.php?deviceCategory=vsan&productid=42803&vsanrncomp=true&vcl=true,"ESXi 6.5.0d (vSAN 6.6), ESXi 6.5 U1 (vSAN 6.6.1)"
42919,AF-8 Lenovo ThinkAgile VX7520,Lenovo,7Y14CTO2WW,AF-8 Series,61.44,0,0,No,,https://www.vmware.com/resources/compatibility/detail.php?deviceCategory=vsan&productid=42919&vsanrncomp=true&vcl=true,"ESXi 6.5.0d (vSAN 6.6), ESXi 6.5 U1 (vSAN 6.6.1)"
42920,AF-8 Lenovo ThinkAgile VX7520,Lenovo,7Y14CTO2WW,AF-8 Series,30.72,0,0,No,,https://www.vmware.com/resources/compatibility/detail.php?deviceCategory=vsan&productid=42920&vsanrncomp=true&vcl=true,"ESXi 6.5.0d (vSAN 6.6), ESXi 6.5 U1 (vSAN 6.6.1)"
42921,AF-8 Lenovo ThinkAgile VX7520,Lenovo,7Y14CTO2WW,AF-8 Series,19.2,0,0,No,,https://www.vmware.com/resources/compatibility/detail.php?deviceCategory=vsan&productid=42921&vsanrncomp=true&vcl=true,"ESXi 6.5.0d (vSAN 6.6), ESXi 6.5 U1 (vSAN 6.6.1)"
42922,AF-8 Lenovo ThinkAgile VX7520,Lenovo,7Y14CTO2WW,AF-8 Series,11.52,0,0,No,,https://www.vmware.com/resources/compatibility/detail.php?deviceCategory=vsan&productid=42922&vsanrncomp=true&vcl=true,"ESXi 6.5.0d (vSAN 6.6), ESXi 6.5 U1 (vSAN 6.6.1)"
42386,AF-4-Lenovo-ThinkSystem SR650,Lenovo,7X05CTO1WW,AF-4 Series,7.68,0,0,No,,https://www.vmware.com/resources/compatibility/detail.php?deviceCategory=vsan&productid=42386&vsanrncomp=true&vcl=true,"ESXi 6.5.0d (vSAN 6.6), ESXi 6.5 U1 (vSAN 6.6.1)"
42387,AF-4-Lenovo-ThinkSystem SR630,Lenovo,7X01CTO1WW,AF-4 Series,7.68,0,0,No,,https://www.vmware.com/resources/compatibility/detail.php?deviceCategory=vsan&productid=42387&vsanrncomp=true&vcl=true,"ESXi 6.5.0d (vSAN 6.6), ESXi 6.5 U1 (vSAN 6.6.1)"
42681,AF-4-Lenovo-ThinkSystem SR650,Lenovo,7X05CTO1WW,AF-4 Series,6.4,0,0,No,,https://www.vmware.com/resources/compatibility/detail.php?deviceCategory=vsan&productid=42681&vsanrncomp=true&vcl=true,"ESXi 6.5.0d (vSAN 6.6), ESXi 6.5 U1 (vSAN 6.6.1)"
42684,AF-4-Lenovo-ThinkSystem SR630,Lenovo,7X01CTO1WW,AF-4 Series,6.4,0,0,No,,https://www.vmware.com/resources/compatibility/detail.php?deviceCategory=vsan&productid=42684&vsanrncomp=true&vcl=true,"ESXi 6.5.0d (vSAN 6.6), ESXi 6.5 U1 (vSAN 6.6.1)"
42806,AF-4 Lenovo ThinkSystem SR650,Lenovo,7X05CTO1WW,AF-4 Series,3.84,0,0,No,,https://www.vmware.com/resources/compatibility/detail.php?deviceCategory=vsan&productid=42806&vsanrncomp=true&vcl=true,"ESXi 6.5.0d (vSAN 6.6), ESXi 6.5 U1 (vSAN 6.6.1)"
42808,AF-4 Lenovo ThinkSystem SR630,Lenovo,7X05CTO1WW,AF-4 Series,3.84,0,0,No,,https://www.vmware.com/resources/compatibility/detail.php?deviceCategory=vsan&productid=42808&vsanrncomp=true&vcl=true,"ESXi 6.5.0d (vSAN 6.6), ESXi 6.5 U1 (vSAN 6.6.1)"
42905,AF-4 Lenovo ThinkAgile VX7520,Lenovo,7Y14CTO2WW,AF-4 Series,7.68,0,0,No,,https://www.vmware.com/resources/compatibility/detail.php?deviceCategory=vsan&productid=42905&vsanrncomp=true&vcl=true,"ESXi 6.5.0d (vSAN 6.6), ESXi 6.5 U1 (vSAN 6.6.1)"
42906,AF-4 Lenovo ThinkAgile VX3320,Lenovo,7Y13CTO1WW,AF-4 Series,7.68,0,0,No,,https://www.vmware.com/resources/compatibility/detail.php?deviceCategory=vsan&productid=42906&vsanrncomp=true&vcl=true,"ESXi 6.5.0d (vSAN 6.6), ESXi 6.5 U1 (vSAN 6.6.1)"
42907,AF-4 Lenovo ThinkAgile VX7520,Lenovo,7Y14CTO2WW,AF-4 Series,6.4,0,0,No,,https://www.vmware.com/resources/compatibility/detail.php?deviceCategory=vsan&productid=42907&vsanrncomp=true&vcl=true,"ESXi 6.5.0d (vSAN 6.6), ESXi 6.5 U1 (vSAN 6.6.1)"
42908,AF-4 Lenovo ThinkAgile VX3320,Lenovo,7Y13CTO1WW,AF-4 Series,6.4,0,0,No,,https://www.vmware.com/resources/compatibility/detail.php?deviceCategory=vsan&productid=42908&vsanrncomp=true&vcl=true,"ESXi 6.5.0d (vSAN 6.6), ESXi 6.5 U1 (vSAN 6.6.1)"
42909,AF-4 Lenovo ThinkAgile VX7520,Lenovo,7Y14CTO2WW,AF-4 Series,3.84,0,0,No,,https://www.vmware.com/resources/compatibility/detail.php?deviceCategory=vsan&productid=42909&vsanrncomp=true&vcl=true,"ESXi 6.5.0d (vSAN 6.6), ESXi 6.5 U1 (vSAN 6.6.1)"
42910,AF-4 Lenovo ThinkAgile VX3320,Lenovo,7Y13CTO1WW,AF-4 Series,3.84,0,0,No,,https://www.vmware.com/resources/compatibility/detail.php?deviceCategory=vsan&productid=42910&vsanrncomp=true&vcl=true,"ESXi 6.5.0d (vSAN 6.6), ESXi 6.5 U1 (vSAN 6.6.1)"
39610,AF-6: Lenovo System x3550/x3650 M5 with M5210,Lenovo,System x3550/x3650 M5,AF-6 Series,32,0,0,No,,https://www.vmware.com/resources/compatibility/detail.php?deviceCategory=vsan&productid=39610&vsanrncomp=true&vcl=true,"ESXi 6.5.0d (vSAN 6.6), ESXi 6.5 U1 (vSAN 6.6.1), ESXi 6.5 (vSAN 6.5), ESXi 6.0 U3 (vSAN 6.2 Update 3), ESXi 6.0 U2 (vSAN 6.2), ESXi 6.0 U1 (vSAN 6.1), ESXi 6.0 (vSAN 6.0)"
41721,AF-6: Lenovo System x3650 M5 (v4) with N2215,Lenovo,8871-AC1,AF-6 Series,15.36,0,0,No,,https://www.vmware.com/resources/compatibility/detail.php?deviceCategory=vsan&productid=41721&vsanrncomp=true&vcl=true,"ESXi 6.5.0d (vSAN 6.6), ESXi 6.5 U1 (vSAN 6.6.1), ESXi 6.5 (vSAN 6.5), ESXi 6.0 U3 (vSAN 6.2 Update 3), ESXi 6.0 U2 (vSAN 6.2), ESXi 6.0 U1 (vSAN 6.1), ESXi 6.0 (vSAN 6.0)"
39611,AF-8: Lenovo System x3650 M5 with M5210,Lenovo,System x3650 M5,AF-8 Series,32,0,0,No,,https://www.vmware.com/resources/compatibility/detail.php?deviceCategory=vsan&productid=39611&vsanrncomp=true&vcl=true,"ESXi 6.5.0d (vSAN 6.6), ESXi 6.5 U1 (vSAN 6.6.1), ESXi 6.5 (vSAN 6.5), ESXi 6.0 U3 (vSAN 6.2 Update 3), ESXi 6.0 U2 (vSAN 6.2), ESXi 6.0 U1 (vSAN 6.1), ESXi 6.0 (vSAN 6.0)"
41529,AF-8 Lenovo System x3650 M5 (v4) with N2215,Lenovo,8871-AC1,AF-8 Series,30.72,0,0,No,,https://www.vmware.com/resources/compatibility/detail.php?deviceCategory=vsan&productid=41529&vsanrncomp=true&vcl=true,"ESXi 6.5.0d (vSAN 6.6), ESXi 6.5 U1 (vSAN 6.6.1), ESXi 6.5 (vSAN 6.5), ESXi 6.0 U3 (vSAN 6.2 Update 3), ESXi 6.0 U2 (vSAN 6.2), ESXi 6.0 U1 (vSAN 6.1), ESXi 6.0 (vSAN 6.0)"
41717,AF-4: Lenovo System x3650 M5 (v4) with N2215,Lenovo,8871-AC1,AF-4 Series,7.68,0,0,No,,https://www.vmware.com/resources/compatibility/detail.php?deviceCategory=vsan&productid=41717&vsanrncomp=true&vcl=true,"ESXi 6.5.0d (vSAN 6.6), ESXi 6.5 U1 (vSAN 6.6.1), ESXi 6.5 (vSAN 6.5), ESXi 6.0 U3 (vSAN 6.2 Update 3), ESXi 6.0 U2 (vSAN 6.2), ESXi 6.0 U1 (vSAN 6.1), ESXi 6.0 (vSAN 6.0)"
42822,AF-6: Express5800/R120h-2M – SAS,NEC,System Reference ID:Express5800/R120h-2M_SAS_AF6 - 1,AF-6 Series,22.4,0,0,No,,https://www.vmware.com/resources/compatibility/detail.php?deviceCategory=vsan&productid=42822&vsanrncomp=true&vcl=true,"ESXi 6.5 U1 (vSAN 6.6.1), ESXi 6.0 U3 (vSAN 6.2 Update 3)"
42826,AF-6: Express5800/R120h-1M – SAS,NEC,System Reference ID:Express5800/R120h-1M_SAS_AF6 - 1,AF-6 Series,4.8,0,0,No,,https://www.vmware.com/resources/compatibility/detail.php?deviceCategory=vsan&productid=42826&vsanrncomp=true&vcl=true,"ESXi 6.5 U1 (vSAN 6.6.1), ESXi 6.0 U3 (vSAN 6.2 Update 3)"
42797,AF-8: Express5800/R120h-1M – SAS,NEC,System Reference ID:Express5800/R120h-1M_SAS_AF8 - 1,AF-8 Series,6.4,0,0,No,,https://www.vmware.com/resources/compatibility/detail.php?deviceCategory=vsan&productid=42797&vsanrncomp=true&vcl=true,"ESXi 6.5 U1 (vSAN 6.6.1), ESXi 6.0 U3 (vSAN 6.2 Update 3)"
42798,AF-8: Express5800/R120h-2M with SAS Expander – SAS,NEC,System Reference ID:Express5800/R120h-2M_Expander_SAS_AF8 - 1,AF-8 Series,80,0,0,No,,https://www.vmware.com/resources/compatibility/detail.php?deviceCategory=vsan&productid=42798&vsanrncomp=true&vcl=true,"ESXi 6.5 U1 (vSAN 6.6.1), ESXi 6.0 U3 (vSAN 6.2 Update 3)"
42685,AF-4-NEC-Express5800 D120h,NEC,Express 5800 D120h vSAN-AF4,AF-4 Series,3.84,0,0,No,,https://www.vmware.com/resources/compatibility/detail.php?deviceCategory=vsan&productid=42685&vsanrncomp=true&vcl=true,ESXi 6.5 U1 (vSAN 6.6.1)
42823,AF-4: Express5800/R120h-2M – SAS,NEC,System Reference ID:Express5800/R120h-2M_SAS_AF4 - 1,AF-4 Series,9.6,0,0,No,,https://www.vmware.com/resources/compatibility/detail.php?deviceCategory=vsan&productid=42823&vsanrncomp=true&vcl=true,"ESXi 6.5 U1 (vSAN 6.6.1), ESXi 6.0 U3 (vSAN 6.2 Update 3)"
42827,AF-4: Express5800/R120h-1M – SAS,NEC,System Reference ID:Express5800/R120h-1M_SAS_AF4 - 1,AF-4 Series,3.2,0,0,No,,https://www.vmware.com/resources/compatibility/detail.php?deviceCategory=vsan&productid=42827&vsanrncomp=true&vcl=true,"ESXi 6.5 U1 (vSAN 6.6.1), ESXi 6.0 U3 (vSAN 6.2 Update 3)"
42184,AF-6-NEC-Express5800 R120g-2M,NEC,Express 5800/R120g-2M vSAN-AF6,AF-6 Series,12.8,0,0,No,,https://www.vmware.com/resources/compatibility/detail.php?deviceCategory=vsan&productid=42184&vsanrncomp=true&vcl=true,"ESXi 6.5.0d (vSAN 6.6), ESXi 6.5 (vSAN 6.5), ESXi 6.0 U3 (vSAN 6.2 Update 3), ESXi 6.0 U2 (vSAN 6.2), ESXi 6.0 U1 (vSAN 6.1), ESXi 6.0 (vSAN 6.0)"
41612,AF8-NEC-R120f-2M-6.0,NEC,Express 5800/R120f-2M vSAN-AF8,AF-8 Series,11.2,0,0,No,,https://www.vmware.com/resources/compatibility/detail.php?deviceCategory=vsan&productid=41612&vsanrncomp=true&vcl=true,"ESXi 6.5.0d (vSAN 6.6), ESXi 6.5 U1 (vSAN 6.6.1), ESXi 6.5 (vSAN 6.5), ESXi 6.0 U3 (vSAN 6.2 Update 3), ESXi 6.0 U2 (vSAN 6.2)"
41685,AF8: NEC-R120g-2M,NEC,Express 5800/R120g-2M vSAN-AF8,AF-8 Series,11.2,0,0,No,,https://www.vmware.com/resources/compatibility/detail.php?deviceCategory=vsan&productid=41685&vsanrncomp=true&vcl=true,"ESXi 6.0 U3 (vSAN 6.2 Update 3), ESXi 6.0 U2 (vSAN 6.2), ESXi 6.0 U1 (vSAN 6.1), ESXi 6.0 (vSAN 6.0)"
42182,AF-8-NEC-Express5800 R120g-2M,NEC,Express 5800/R120g-2M vSAN-AF8-2,AF-8 Series,19.2,0,0,No,,https://www.vmware.com/resources/compatibility/detail.php?deviceCategory=vsan&productid=42182&vsanrncomp=true&vcl=true,"ESXi 6.5.0d (vSAN 6.6), ESXi 6.5 (vSAN 6.5), ESXi 6.0 U3 (vSAN 6.2 Update 3), ESXi 6.0 U2 (vSAN 6.2), ESXi 6.0 U1 (vSAN 6.1), ESXi 6.0 (vSAN 6.0)"
42901,AF6-QCT-QuantaGrid D52B-1U,Quanta Computer Inc,QuantaGrid D52B-1U_AF6,AF-6 Series,16,0,0,Yes,,https://www.vmware.com/resources/compatibility/detail.php?deviceCategory=vsan&productid=42901&vsanrncomp=true&vcl=true,"ESXi 6.5.0d (vSAN 6.6), ESXi 6.5 U1 (vSAN 6.6.1)"
42923,AF6-QCT-QuantaGrid D52B-1U,Quanta Computer Inc,QuantaGrid D52B-1U_AF6,AF-6 Series,15.36,0,0,Yes,,https://www.vmware.com/resources/compatibility/detail.php?deviceCategory=vsan&productid=42923&vsanrncomp=true&vcl=true,"ESXi 6.5.0d (vSAN 6.6), ESXi 6.5 U1 (vSAN 6.6.1)"
42942,AF6-QCT-QuantaGrid D52BQ-2U,Quanta Computer Inc,QuantaGrid D52BQ-2U_AF6,AF-6 Series,15.36,0,0,Yes,,https://www.vmware.com/resources/compatibility/detail.php?deviceCategory=vsan&productid=42942&vsanrncomp=true&vcl=true,"ESXi 6.5.0d (vSAN 6.6), ESXi 6.5 U1 (vSAN 6.6.1)"
42540,AF8-QCT-QuantaGrid D52B-1U,Quanta Computer Inc,QuantaGrid D52B-1U_AF8,AF-8 Series,24,0,0,Yes,,https://www.vmware.com/resources/compatibility/detail.php?deviceCategory=vsan&productid=42540&vsanrncomp=true&vcl=true,"ESXi 6.5.0d (vSAN 6.6), ESXi 6.5 U1 (vSAN 6.6.1)"
42913,AF8-QCT -QuantaGrid D52B-1U,Quanta Computer Inc,QuantaGrid D52B-1U_AF8,AF-8 Series,19.2,0,0,Yes,,https://www.vmware.com/resources/compatibility/detail.php?deviceCategory=vsan&productid=42913&vsanrncomp=true&vcl=true,"ESXi 6.5.0d (vSAN 6.6), ESXi 6.5 U1 (vSAN 6.6.1)"
42936,AF8-QCT-QuantaGrid D52BQ-2U,Quanta Computer Inc,QuantaGrid D52BQ-2U_AF8,AF-8 Series,19.2,0,0,Yes,,https://www.vmware.com/resources/compatibility/detail.php?deviceCategory=vsan&productid=42936&vsanrncomp=true&vcl=true,"ESXi 6.5.0d (vSAN 6.6), ESXi 6.5 U1 (vSAN 6.6.1)"
42757,AF4-QCT-QuantaGrid D52B-1U,Quanta Computer Inc,QuantaGrid D52B-1U_AF4 -with TPM1.2,AF-4 Series,8,0,0,Yes,,https://www.vmware.com/resources/compatibility/detail.php?deviceCategory=vsan&productid=42757&vsanrncomp=true&vcl=true,"ESXi 6.5.0d (vSAN 6.6), ESXi 6.5 U1 (vSAN 6.6.1)"
42930,AF4-QCT-QuantaGrid D52B-1U,Quanta Computer Inc,QuantaGrid D52B-1U_AF4,AF-4 Series,7.68,0,0,Yes,,https://www.vmware.com/resources/compatibility/detail.php?deviceCategory=vsan&productid=42930&vsanrncomp=true&vcl=true,"ESXi 6.5.0d (vSAN 6.6), ESXi 6.5 U1 (vSAN 6.6.1)"
42945,AF4-QCT-QuantaGrid D52BQ-2U,Quanta Computer Inc,QuantaGrid D52BQ-2U_AF4,AF-4 Series,7.68,0,0,Yes,,https://www.vmware.com/resources/compatibility/detail.php?deviceCategory=vsan&productid=42945&vsanrncomp=true&vcl=true,"ESXi 6.5.0d (vSAN 6.6), ESXi 6.5 U1 (vSAN 6.6.1)"
42061,AF6-QCT-QuantaPlex T41S-2U,Quanta Computer Inc,QuantaPlex T41S-2U_AF6,AF-6 Series,32,0,0,Yes,,https://www.vmware.com/resources/compatibility/detail.php?deviceCategory=vsan&productid=42061&vsanrncomp=true&vcl=true,"ESXi 6.5.0d (vSAN 6.6), ESXi 6.5 U1 (vSAN 6.6.1), ESXi 6.5 (vSAN 6.5), ESXi 6.0 U3 (vSAN 6.2 Update 3), ESXi 6.0 U2 (vSAN 6.2), ESXi 6.0 U1 (vSAN 6.1), ESXi 6.0 (vSAN 6.0)"
42179,AF6-QCT-QuantaGrid D51B-1U,Quanta Computer Inc,QuantaGrid D51B-1U_AF6,AF-6 Series,12.8,0,0,Yes,,https://www.vmware.com/resources/compatibility/detail.php?deviceCategory=vsan&productid=42179&vsanrncomp=true&vcl=true,"ESXi 6.5.0d (vSAN 6.6), ESXi 6.5 U1 (vSAN 6.6.1), ESXi 6.5 (vSAN 6.5), ESXi 6.0 U3 (vSAN 6.2 Update 3), ESXi 6.0 U2 (vSAN 6.2), ESXi 6.0 U1 (vSAN 6.1), ESXi 6.0 (vSAN 6.0)"
42241,AF6-QCT-QuantaGrid D51B-2U,Quanta Computer Inc,QuantaGrid D51B-2U_AF6,AF-6 Series,11.4,0,0,Yes,,https://www.vmware.com/resources/compatibility/detail.php?deviceCategory=vsan&productid=42241&vsanrncomp=true&vcl=true,"ESXi 6.5.0d (vSAN 6.6), ESXi 6.5 U1 (vSAN 6.6.1), ESXi 6.5 (vSAN 6.5), ESXi 6.0 U3 (vSAN 6.2 Update 3), ESXi 6.0 U2 (vSAN 6.2), ESXi 6.0 U1 (vSAN 6.1), ESXi 6.0 (vSAN 6.0)"
42892,AF6-QCT-QuantaGrid D51B-1U,Quanta Computer Inc,QuantaGrid D51B-1U_AF6,AF-6 Series,15.36,0,0,Yes,,https://www.vmware.com/resources/compatibility/detail.php?deviceCategory=vsan&productid=42892&vsanrncomp=true&vcl=true,"ESXi 6.5.0d (vSAN 6.6), ESXi 6.5 U1 (vSAN 6.6.1), ESXi 6.5 (vSAN 6.5), ESXi 6.0 U3 (vSAN 6.2 Update 3), ESXi 6.0 U2 (vSAN 6.2), ESXi 6.0 U1 (vSAN 6.1), ESXi 6.0 (vSAN 6.0)"
42240,AF8-QCT-QuantaGrid D51B-2U,Quanta Computer Inc,QuantaGrid D51B-2U_AF8,AF-8 Series,15.2,0,0,Yes,,https://www.vmware.com/resources/compatibility/detail.php?deviceCategory=vsan&productid=42240&vsanrncomp=true&vcl=true,"ESXi 6.5.0d (vSAN 6.6), ESXi 6.5 U1 (vSAN 6.6.1), ESXi 6.5 (vSAN 6.5), ESXi 6.0 U3 (vSAN 6.2 Update 3), ESXi 6.0 U2 (vSAN 6.2), ESXi 6.0 U1 (vSAN 6.1), ESXi 6.0 (vSAN 6.0)"
42904,AF8-QCT-QuantaGrid D51B-1U,Quanta Computer Inc,QuantaGrid D51B-1U_AF8,AF-8 Series,15.36,0,0,Yes,,https://www.vmware.com/resources/compatibility/detail.php?deviceCategory=vsan&productid=42904&vsanrncomp=true&vcl=true,"ESXi 6.5.0d (vSAN 6.6), ESXi 6.5 U1 (vSAN 6.6.1), ESXi 6.5 (vSAN 6.5), ESXi 6.0 U3 (vSAN 6.2 Update 3), ESXi 6.0 U2 (vSAN 6.2), ESXi 6.0 U1 (vSAN 6.1), ESXi 6.0 (vSAN 6.0)"
42181,AF4-QCT-QuantaPlex T41S-2U,Quanta Computer Inc,QuantaPlex T41S-2U_AF4,AF-4 Series,8,0,0,Yes,,https://www.vmware.com/resources/compatibility/detail.php?deviceCategory=vsan&productid=42181&vsanrncomp=true&vcl=true,"ESXi 6.5.0d (vSAN 6.6), ESXi 6.5 U1 (vSAN 6.6.1), ESXi 6.5 (vSAN 6.5), ESXi 6.0 U3 (vSAN 6.2 Update 3), ESXi 6.0 U2 (vSAN 6.2), ESXi 6.0 U1 (vSAN 6.1), ESXi 6.0 (vSAN 6.0)"
42242,AF4-QCT-QuantaGrid D51B-2U,Quanta Computer Inc,QuantaGrid D51B-2U_AF4,AF-4 Series,4.8,0,0,Yes,,https://www.vmware.com/resources/compatibility/detail.php?deviceCategory=vsan&productid=42242&vsanrncomp=true&vcl=true,"ESXi 6.5.0d (vSAN 6.6), ESXi 6.5 U1 (vSAN 6.6.1), ESXi 6.5 (vSAN 6.5), ESXi 6.0 U3 (vSAN 6.2 Update 3), ESXi 6.0 U2 (vSAN 6.2), ESXi 6.0 U1 (vSAN 6.1), ESXi 6.0 (vSAN 6.0)"
42890,AF4-QCT-QuantaGrid D51B-1U,Quanta Computer Inc,QuantaGrid D51B-1U_AF4,AF-4 Series,7.68,0,0,Yes,,https://www.vmware.com/resources/compatibility/detail.php?deviceCategory=vsan&productid=42890&vsanrncomp=true&vcl=true,"ESXi 6.5.0d (vSAN 6.6), ESXi 6.5 U1 (vSAN 6.6.1), ESXi 6.5 (vSAN 6.5), ESXi 6.0 U3 (vSAN 6.2 Update 3), ESXi 6.0 U2 (vSAN 6.2), ESXi 6.0 U1 (vSAN 6.1), ESXi 6.0 (vSAN 6.0)"
42891,AF4-QCT-QuantaGrid D51B-1U,Quanta Computer Inc,QuantaGrid D51B-1U_AF4,AF-4 Series,11.52,0,0,Yes,,https://www.vmware.com/resources/compatibility/detail.php?deviceCategory=vsan&productid=42891&vsanrncomp=true&vcl=true,"ESXi 6.5.0d (vSAN 6.6), ESXi 6.5 U1 (vSAN 6.6.1), ESXi 6.5 (vSAN 6.5), ESXi 6.0 U3 (vSAN 6.2 Update 3), ESXi 6.0 U2 (vSAN 6.2), ESXi 6.0 U1 (vSAN 6.1), ESXi 6.0 (vSAN 6.0)"
42980,AF4-QCT-QuantaGrid D51B-1U,Quanta Computer Inc,QuantaGrid D51B-1U_AF4,AF-4 Series,13.44,0,0,Yes,,https://www.vmware.com/resources/compatibility/detail.php?deviceCategory=vsan&productid=42980&vsanrncomp=true&vcl=true,"ESXi 6.5.0d (vSAN 6.6), ESXi 6.5 U1 (vSAN 6.6.1), ESXi 6.5 (vSAN 6.5)"
42062,AF4-QCT-QuantaGrid D51B-1U,Quanta Computer Inc,QuantaGrid D51B-1U_AF4,AF-4 Series,6.4,0,0,Yes,,https://www.vmware.com/resources/compatibility/detail.php?deviceCategory=vsan&productid=42062&vsanrncomp=true&vcl=true,"ESXi 6.5.0d (vSAN 6.6), ESXi 6.5 U1 (vSAN 6.6.1), ESXi 6.5 (vSAN 6.5)"
41796,AF-6:1U Ultra,Supermicro Computer Inc,Ultra,AF-6 Series,7.2,0,0,Yes,,https://www.vmware.com/resources/compatibility/detail.php?deviceCategory=vsan&productid=41796&vsanrncomp=true&vcl=true,"ESXi 6.5.0d (vSAN 6.6), ESXi 6.5 U1 (vSAN 6.6.1), ESXi 6.0 U3 (vSAN 6.2 Update 3)"
42243,AF-6-SMCI-BigTwin All-Flash NVMe-VMD-Enabled,Supermicro Computer Inc,BigTwin NVMe,AF-6 Series,8,0,0,Yes,,https://www.vmware.com/resources/compatibility/detail.php?deviceCategory=vsan&productid=42243&vsanrncomp=true&vcl=true,"ESXi 6.5.0d (vSAN 6.6), ESXi 6.5 U1 (vSAN 6.6.1)"
42713,AF-6-SMCI-BigTwin All-Flash SSD,Supermicro Computer Inc,BigTwin All Flash SSD,AF-6 Series,8,0,0,Yes,,https://www.vmware.com/resources/compatibility/detail.php?deviceCategory=vsan&productid=42713&vsanrncomp=true&vcl=true,"ESXi 6.5.0d (vSAN 6.6), ESXi 6.5 U1 (vSAN 6.6.1)"
41806,AF-8:2U Ultra,Supermicro Computer Inc,Ultra,AF-8 Series,32,0,0,Yes,,https://www.vmware.com/resources/compatibility/detail.php?deviceCategory=vsan&productid=41806&vsanrncomp=true&vcl=true,"ESXi 6.5.0d (vSAN 6.6), ESXi 6.5 U1 (vSAN 6.6.1), ESXi 6.0 U3 (vSAN 6.2 Update 3)"
41795,AF-4:1U Ultra,Supermicro Computer Inc,Ultra,AF-4 Series,3.6,0,0,Yes,,https://www.vmware.com/resources/compatibility/detail.php?deviceCategory=vsan&productid=41795&vsanrncomp=true&vcl=true,"ESXi 6.5.0d (vSAN 6.6), ESXi 6.5 U1 (vSAN 6.6.1), ESXi 6.0 U3 (vSAN 6.2 Update 3)"
39351,AF-6: SMC TwinPro2 2U,Supermicro Computer Inc,SYS-2028TP-VSNF11/2M,AF-6 Series,32,,,"Available, build to order",,https://www.vmware.com/resources/compatibility/detail.php?deviceCategory=vsan&productid=39351&vsanrncomp=true&vcl=true,"ESXi 6.5.0d (vSAN 6.6), ESXi 6.5 U1 (vSAN 6.6.1), ESXi 6.5 (vSAN 6.5), ESXi 6.0 U3 (vSAN 6.2 Update 3), ESXi 6.0 U2 (vSAN 6.2), ESXi 6.0 U1 (vSAN 6.1), ESXi 6.0 (vSAN 6.0)"
39612,AF-6: SMC TwinPro2 2U,Supermicro Computer Inc,SYS-2028TP-VSNF11/2X,AF-6 Series,32,0,0,"Available, build to order",,https://www.vmware.com/resources/compatibility/detail.php?deviceCategory=vsan&productid=39612&vsanrncomp=true&vcl=true,"ESXi 6.5.0d (vSAN 6.6), ESXi 6.5 U1 (vSAN 6.6.1), ESXi 6.5 (vSAN 6.5), ESXi 6.0 U3 (vSAN 6.2 Update 3), ESXi 6.0 U2 (vSAN 6.2), ESXi 6.0 U1 (vSAN 6.1), ESXi 6.0 (vSAN 6.0)"
39937,AF6:SMC Ultra 2U,Supermicro Computer Inc,SYS-2028U-VSM(C/H)11B,AF-6 Series,8,0,0,Yes,,https://www.vmware.com/resources/compatibility/detail.php?deviceCategory=vsan&productid=39937&vsanrncomp=true&vcl=true,"ESXi 6.5.0d (vSAN 6.6), ESXi 6.5 (vSAN 6.5), ESXi 6.0 U3 (vSAN 6.2 Update 3), ESXi 6.0 U2 (vSAN 6.2), ESXi 6.0 U1 (vSAN 6.1), ESXi 6.0 (vSAN 6.0)"
39352,AF-8: SMC Ultra 2U,Supermicro Computer Inc,SYS-2028U-VSNF11L/2L,AF-8 Series,12,,,"Available, build to order",,https://www.vmware.com/resources/compatibility/detail.php?deviceCategory=vsan&productid=39352&vsanrncomp=true&vcl=true,"ESXi 6.5.0d (vSAN 6.6), ESXi 6.5 U1 (vSAN 6.6.1), ESXi 6.5 (vSAN 6.5), ESXi 6.0 U3 (vSAN 6.2 Update 3), ESXi 6.0 U2 (vSAN 6.2), ESXi 6.0 U1 (vSAN 6.1), ESXi 6.0 (vSAN 6.0)"
39938,AF8:SMC Ultra 2U,Supermicro Computer Inc,SYS-2028U-VSM(C/H)11C,AF-8 Series,12,0,0,Yes,,https://www.vmware.com/resources/compatibility/detail.php?deviceCategory=vsan&productid=39938&vsanrncomp=true&vcl=true,"ESXi 6.5.0d (vSAN 6.6), ESXi 6.5 (vSAN 6.5), ESXi 6.0 U3 (vSAN 6.2 Update 3), ESXi 6.0 U2 (vSAN 6.2), ESXi 6.0 U1 (vSAN 6.1), ESXi 6.0 (vSAN 6.0)"
39876,AF-4: SuperMicro 2U 4-node,Supermicro Computer Inc,SYS-2028TP-VSNF01E,AF-4 Series,4,0,0,"Available, build to order",,https://www.vmware.com/resources/compatibility/detail.php?deviceCategory=vsan&productid=39876&vsanrncomp=true&vcl=true,"ESXi 6.5.0d (vSAN 6.6), ESXi 6.5 U1 (vSAN 6.6.1), ESXi 6.5 (vSAN 6.5), ESXi 6.0 U3 (vSAN 6.2 Update 3), ESXi 6.0 U2 (vSAN 6.2), ESXi 6.0 U1 (vSAN 6.1), ESXi 6.0 (vSAN 6.0)"
39936,AF4:SMC Ultra 2U,Supermicro Computer Inc,SYS-2028U-VSM(C/H)11A,AF-4 Series,7.5,0,0,Yes,,https://www.vmware.com/resources/compatibility/detail.php?deviceCategory=vsan&productid=39936&vsanrncomp=true&vcl=true,"ESXi 6.5.0d (vSAN 6.6), ESXi 6.5 (vSAN 6.5), ESXi 6.0 U3 (vSAN 6.2 Update 3), ESXi 6.0 U2 (vSAN 6.2), ESXi 6.0 U1 (vSAN 6.1), ESXi 6.0 (vSAN 6.0)"